Type,Age,Breed1,Breed2,Gender,Color1,Color2,Color3,MaturitySize,FurLength,Vaccinated,Dewormed,Sterilized,Health,Quantity,Fee,State,VideoAmt,PhotoAmt,AdoptionSpeed
2,4,266,0,3,1,4,7,2,2,2,2,2,1,3,0,41336,0,9.0,4
2,12,292,292,2,2,0,0,2,1,2,2,2,1,4,0,41325,0,4.0,2
1,48,152,0,2,1,2,0,1,1,1,1,1,1,1,0,41326,0,2.0,2
2,18,265,0,2,1,7,0,3,2,2,1,2,1,6,1,41326,0,2.0,3
1,4,307,109,1,3,4,5,2,1,2,2,2,1,1,0,41326,0,6.0,1
2,2,299,0,2,1,3,7,2,1,1,1,2,2,2,0,41336,0,4.0,2
2,2,266,268,1,1,6,0,1,2,2,1,2,1,1,0,41326,0,5.0,0
2,12,265,265,1,1,2,5,2,2,1,2,2,1,2,0,41401,0,1.0,0
1,12,307,0,2,2,7,0,1,2,1,1,1,1,1,0,41401,0,4.0,2
1,2,307,0,2,1,2,0,2,2,3,3,2,1,1,0,41326,0,4.0,2
1,2,307,0,2,1,0,0,1,1,1,1,2,1,1,0,41401,0,2.0,2
2,24,292,266,2,7,0,0,1,1,1,1,1,1,1,120,41336,1,8.0,0
1,42,195,0,1,6,7,0,2,2,1,1,1,1,1,0,41324,0,2.0,1
2,4,266,249,2,1,3,7,2,1,1,1,2,1,1,0,41326,0,14.0,1
2,3,264,251,1,5,6,0,2,2,1,1,2,1,1,200,41326,0,0.0,0
2,2,265,0,2,3,6,7,2,2,2,2,2,2,2,0,41401,0,5.0,3
2,4,266,0,1,1,7,0,1,1,1,1,2,1,1,0,41401,0,5.0,1
2,2,266,265,2,1,6,7,2,1,2,2,2,1,1,0,41326,0,5.0,1
2,2,266,0,1,7,0,0,2,1,2,1,2,1,1,0,41326,2,6.0,2
1,18,145,0,1,2,7,0,1,2,1,1,1,1,1,0,41326,0,2.0,1
1,2,307,0,1,1,2,0,2,1,2,1,2,1,1,50,41327,0,3.0,2
1,48,103,0,1,1,2,3,3,2,1,1,2,1,1,500,41326,0,5.0,2
1,8,307,0,2,4,5,7,2,1,3,3,3,1,1,0,41326,0,4.0,4
1,72,307,14,2,1,2,7,2,3,1,1,1,1,1,0,41326,6,24.0,4
1,8,307,307,2,2,3,0,1,2,3,3,3,1,1,0,41401,0,3.0,4
2,1,299,266,1,1,6,7,2,1,2,1,2,1,1,0,41326,0,4.0,1
2,14,266,0,2,6,0,0,2,1,1,1,1,1,1,50,41326,0,3.0,4
2,11,264,0,2,2,4,7,2,3,2,1,2,1,1,1,41326,0,9.0,3
2,1,266,0,2,1,4,7,2,1,2,2,2,1,1,0,41401,0,2.0,1
2,23,266,0,1,1,7,0,3,1,1,1,2,1,1,200,41326,0,3.0,3
2,12,265,0,2,7,0,0,2,2,3,3,3,1,1,0,41324,0,1.0,4
1,96,19,200,1,2,3,4,2,1,1,1,1,1,1,0,41401,0,2.0,3
1,18,20,76,1,3,7,0,2,1,1,3,1,1,1,0,41327,0,2.0,4
1,1,307,0,2,2,0,0,2,1,2,2,2,1,1,0,41327,0,1.0,4
1,4,307,307,2,2,0,0,2,1,1,1,2,1,1,150,41326,0,1.0,4
2,1,265,266,3,1,2,6,1,2,2,2,1,1,2,0,41401,0,5.0,1
1,5,307,0,2,2,0,0,1,1,2,2,2,1,1,0,41401,0,6.0,4
2,1,266,0,1,1,6,0,1,2,2,2,2,1,1,0,41326,2,9.0,2
1,2,307,0,2,1,2,0,2,2,2,2,2,1,1,20,41327,0,1.0,2
1,6,152,213,2,1,7,0,1,1,2,1,2,1,1,0,41401,0,5.0,3
1,1,307,0,3,2,7,0,2,2,2,2,2,1,5,0,41327,0,8.0,1
1,10,307,307,1,2,7,0,3,1,3,3,1,2,1,0,41326,0,5.0,2
1,1,307,0,2,1,2,0,1,2,2,2,2,1,2,0,41326,0,4.0,4
2,5,292,0,1,7,0,0,2,1,2,2,2,1,1,0,41401,0,4.0,3
1,1,307,189,2,1,7,0,2,1,1,1,2,1,1,0,41401,0,3.0,0
2,2,266,0,1,1,6,7,1,1,2,1,2,1,1,0,41326,0,4.0,1
1,3,307,0,1,2,7,0,2,2,2,1,2,1,1,0,41401,0,1.0,3
2,10,266,0,2,2,0,0,1,1,2,1,1,1,1,0,41326,0,3.0,1
1,2,307,0,2,2,4,7,2,1,3,3,3,2,1,0,41326,0,3.0,4
1,4,307,0,2,2,7,0,1,1,2,1,2,1,1,0,41401,0,1.0,3
2,1,266,0,3,2,4,6,1,2,2,2,2,1,5,0,41326,0,7.0,2
1,100,205,0,1,5,6,7,1,1,1,3,2,2,1,0,41326,0,5.0,2
1,2,307,0,3,1,7,0,2,1,2,2,2,1,4,0,41401,0,5.0,0
1,3,307,0,2,2,0,0,2,1,2,2,2,1,1,0,41401,0,5.0,1
2,3,272,265,2,1,3,7,2,2,2,1,2,1,1,50,41326,0,5.0,1
2,5,299,0,2,5,6,7,2,2,1,1,1,1,1,150,41336,0,6.0,3
2,2,266,299,2,1,3,6,2,1,2,2,2,1,1,0,41401,0,4.0,2
1,2,307,0,1,2,3,0,2,2,1,1,2,1,1,0,41326,0,2.0,2
1,24,99,0,2,7,0,0,2,3,1,1,1,1,1,0,41326,0,1.0,1
2,8,288,265,2,3,7,0,2,2,2,1,2,1,1,250,41401,0,2.0,2
2,1,265,266,3,1,6,7,2,2,2,2,2,1,2,0,41326,0,2.0,1
2,3,266,0,1,2,4,0,2,2,2,2,2,1,1,0,41326,0,1.0,3
1,48,173,0,2,1,7,0,2,1,1,1,1,1,1,300,41326,0,3.0,4
1,3,307,0,2,2,0,0,2,1,2,1,2,1,1,0,41326,0,4.0,3
2,2,266,0,1,2,0,0,1,1,1,1,2,1,1,50,41326,0,1.0,2
2,36,266,292,2,2,0,0,3,2,1,1,1,1,2,0,41326,0,4.0,4
1,20,307,78,1,1,2,0,2,1,1,1,1,1,1,0,41401,0,2.0,3
1,2,307,0,2,3,7,0,2,1,2,2,2,1,1,20,41327,0,1.0,3
1,24,1,0,3,4,0,0,2,1,1,1,1,1,2,0,41330,0,5.0,4
2,12,292,266,3,7,0,0,2,1,1,1,2,1,4,0,41326,0,4.0,1
2,8,266,0,2,1,2,7,2,1,1,1,1,1,1,0,41401,0,14.0,3
2,3,264,0,1,2,7,0,2,3,2,1,2,1,1,38,41326,0,4.0,1
2,3,266,0,1,5,7,0,2,1,2,2,2,1,1,0,41326,0,3.0,2
1,1,307,307,1,1,7,0,2,2,2,1,2,1,1,0,41326,0,4.0,1
1,3,307,0,2,2,0,0,2,1,3,3,2,1,1,0,41327,0,2.0,1
2,20,266,0,3,1,6,7,2,1,2,3,2,1,5,0,41325,0,5.0,4
2,18,292,265,2,5,0,0,2,2,1,1,1,1,1,0,41401,0,2.0,2
1,2,307,307,3,1,5,7,2,1,2,2,2,1,3,0,41326,0,0.0,4
2,3,266,0,1,4,5,0,2,1,2,2,2,1,1,0,41326,0,3.0,1
1,36,307,307,1,1,2,7,2,3,1,1,1,1,2,250,41401,0,2.0,4
2,6,265,0,1,1,7,0,3,2,2,2,2,1,1,0,41326,0,4.0,1
1,36,307,0,1,2,0,0,2,1,1,1,1,1,2,0,41326,0,3.0,4
2,2,266,0,2,1,7,0,1,1,2,1,2,1,1,0,41327,0,3.0,1
1,12,152,0,2,2,0,0,1,1,1,1,2,1,1,250,41326,0,1.0,3
1,60,307,0,1,1,2,3,1,2,3,3,3,1,1,0,41326,0,2.0,2
1,2,307,0,3,1,2,4,2,1,2,2,2,1,3,0,41326,0,19.0,3
2,15,264,285,2,7,0,0,3,3,1,1,2,1,1,100,41326,0,4.0,3
2,1,266,0,2,2,0,0,2,1,2,1,2,1,1,0,41326,0,9.0,2
2,48,266,0,2,1,2,0,2,1,1,1,1,1,1,0,41326,0,1.0,3
1,24,76,307,2,1,2,5,2,1,1,1,1,1,5,0,41327,0,1.0,4
2,4,266,266,3,1,0,0,2,1,2,2,2,1,2,0,41401,0,6.0,2
1,3,307,307,1,2,5,0,2,1,2,2,2,1,2,0,41330,0,1.0,2
1,3,307,0,2,3,0,0,2,1,2,2,2,1,2,0,41401,0,5.0,2
2,78,252,0,1,2,0,0,2,3,1,1,1,1,1,0,41326,0,1.0,2
2,1,266,0,1,1,0,0,2,1,2,1,2,1,1,0,41326,0,3.0,3
1,3,307,0,1,2,7,0,2,2,2,2,2,1,1,0,41326,1,2.0,2
1,2,307,0,2,2,0,0,2,2,2,1,2,1,1,0,41326,0,4.0,1
1,1,307,0,2,1,2,5,1,2,2,2,2,1,1,0,41326,0,4.0,2
2,2,266,0,2,1,7,0,2,1,2,1,2,1,1,0,41326,0,5.0,2
1,2,307,0,1,5,7,0,2,1,1,1,2,1,1,0,41401,0,3.0,1
2,1,299,299,3,1,3,0,1,2,2,2,2,1,5,0,41326,0,6.0,3
2,2,299,0,2,3,4,0,1,2,2,2,2,2,1,0,41401,0,3.0,3
2,16,266,0,2,1,4,7,1,1,2,2,2,1,15,0,41326,0,4.0,3
1,3,307,0,2,2,3,0,2,2,2,1,2,1,1,0,41326,1,1.0,4
2,2,266,0,1,2,0,0,2,1,1,1,2,1,1,0,41401,0,5.0,3
2,25,265,0,3,1,2,4,1,2,2,1,2,1,12,0,41326,0,5.0,4
2,3,266,0,1,1,7,0,2,1,2,2,2,1,1,15,41326,0,6.0,2
2,1,266,0,3,7,0,0,1,1,2,2,2,1,2,0,41326,0,2.0,1
2,2,265,0,3,1,6,7,2,2,3,3,2,1,2,0,41326,0,2.0,2
1,2,307,0,1,1,2,0,2,2,2,1,2,1,1,0,41326,0,4.0,1
2,12,266,0,2,2,0,0,2,1,3,3,1,1,1,0,41336,0,2.0,4
2,2,266,0,1,2,7,0,2,1,2,1,2,1,1,0,41326,0,5.0,2
1,20,103,0,1,2,0,0,3,3,1,3,1,1,1,0,41326,0,0.0,4
1,3,307,0,2,1,4,7,1,1,2,3,3,1,3,0,41326,1,4.0,3
1,6,307,307,1,1,2,0,3,1,1,1,2,1,1,50,41332,0,3.0,3
1,2,307,0,2,2,7,0,2,2,1,1,2,1,1,0,41326,0,4.0,3
2,22,285,0,2,2,3,7,2,3,1,1,1,1,1,0,41401,0,5.0,1
1,1,307,0,3,1,2,5,2,2,2,2,2,1,5,0,41326,0,11.0,4
2,1,266,0,1,1,5,7,1,1,2,2,2,1,1,0,41326,0,4.0,3
2,12,266,0,2,1,2,7,2,1,1,1,1,1,1,0,41326,0,6.0,3
2,2,264,0,2,1,6,7,3,3,1,1,1,1,1,80,41401,0,3.0,3
2,1,266,0,1,1,7,0,1,1,2,2,2,1,1,0,41326,0,1.0,4
2,6,299,0,1,6,0,0,2,1,2,2,2,1,1,50,41326,0,4.0,1
1,3,103,307,1,2,0,0,2,1,1,1,2,1,1,0,41401,0,4.0,1
2,60,299,0,1,1,2,5,4,2,1,1,1,1,3,0,41401,0,4.0,4
1,36,307,0,2,5,0,0,3,1,1,1,1,1,1,0,41326,0,1.0,4
2,2,266,0,2,1,0,0,1,1,2,2,2,1,2,0,41326,0,3.0,4
1,6,307,0,1,1,2,0,2,2,1,1,2,1,1,0,41326,0,2.0,3
1,1,307,0,2,1,2,0,2,1,2,2,2,1,3,0,41326,0,7.0,1
2,8,265,285,3,2,5,7,2,2,2,2,3,1,7,0,41401,0,2.0,4
1,2,307,307,1,1,2,3,1,1,2,2,3,1,2,0,41326,0,5.0,3
2,3,266,266,2,1,5,7,2,2,1,1,2,1,3,0,41326,0,5.0,4
1,1,307,0,1,2,0,0,1,1,3,3,3,1,4,0,41326,0,1.0,2
2,4,266,0,2,1,0,0,2,1,2,2,2,1,1,5,41326,0,1.0,2
2,4,266,292,2,7,0,0,1,1,2,2,2,1,1,0,41401,0,2.0,4
1,8,152,0,1,2,0,0,1,1,1,1,1,1,1,0,41401,0,3.0,2
2,8,265,0,2,1,0,0,1,2,2,2,1,1,1,80,41401,0,6.0,4
1,5,103,75,2,1,2,0,2,1,3,3,2,1,1,550,41401,0,5.0,2
2,2,266,0,1,7,0,0,1,1,2,2,2,1,1,0,41326,0,4.0,1
1,8,307,0,2,2,0,0,3,2,3,3,1,1,1,0,41326,1,1.0,2
1,60,60,0,1,7,0,0,1,3,1,1,1,1,1,0,41326,0,2.0,2
2,9,265,0,2,1,0,0,2,2,2,2,2,1,1,0,41336,0,2.0,3
1,4,307,109,1,3,0,0,2,1,1,2,2,1,1,300,41326,0,4.0,4
1,8,307,0,1,2,0,0,2,1,1,1,1,1,1,0,41401,0,12.0,3
2,6,265,0,3,1,4,7,2,2,2,1,2,1,4,0,41326,0,5.0,1
1,24,307,0,1,2,0,0,3,1,3,3,3,1,1,0,41401,1,2.0,4
1,1,307,0,2,2,0,0,2,1,2,2,2,1,1,0,41326,0,1.0,4
2,1,265,285,3,1,6,7,1,2,2,1,2,1,3,150,41326,0,8.0,1
2,1,266,0,3,1,2,7,2,1,2,2,2,1,4,0,41401,0,13.0,2
1,2,307,0,1,2,0,0,2,1,2,2,2,1,1,0,41326,0,1.0,2
1,2,307,0,2,2,7,0,1,1,1,1,1,1,1,0,41326,0,4.0,4
2,4,266,0,1,1,2,7,1,1,2,1,2,1,1,10,41401,0,4.0,1
1,72,109,0,1,3,0,0,2,2,1,1,2,1,1,30,41326,0,3.0,2
1,4,307,0,2,2,0,0,2,1,2,2,2,1,1,0,41326,0,5.0,4
1,9,218,307,1,2,3,0,1,2,2,1,2,1,1,0,41401,0,5.0,2
1,2,307,0,2,2,5,7,1,2,1,1,1,1,2,200,41326,0,1.0,2
1,12,307,0,2,7,0,0,1,1,1,1,1,1,1,0,41326,0,3.0,2
2,5,266,0,2,1,7,0,2,1,2,1,2,1,1,0,41401,0,1.0,2
1,1,307,0,2,1,2,0,2,1,2,1,1,1,1,0,41326,0,3.0,4
1,2,141,307,2,1,2,0,2,1,3,3,2,1,1,0,41326,0,3.0,3
2,3,266,0,2,1,7,0,1,1,3,3,3,1,1,0,41401,0,3.0,4
2,3,266,0,1,4,7,0,2,1,2,1,2,1,1,0,41326,0,4.0,4
1,12,307,0,2,2,7,0,1,1,1,1,1,1,1,0,41401,0,5.0,4
1,60,207,307,2,3,5,7,2,2,1,1,1,1,1,0,41326,0,0.0,2
1,2,307,307,1,1,2,7,2,2,1,1,2,1,1,0,41326,0,4.0,1
2,1,299,0,3,1,2,3,1,2,2,2,2,1,5,50,41326,0,5.0,2
1,1,189,307,3,1,2,0,2,1,1,1,2,1,8,150,41326,0,6.0,1
2,12,292,265,2,1,6,7,2,2,1,1,1,1,1,0,41326,0,9.0,3
2,3,265,0,1,1,6,0,2,2,2,2,2,1,1,0,41401,0,2.0,4
1,2,32,307,1,1,2,0,2,1,1,1,2,1,1,100,41401,2,6.0,2
1,2,307,0,3,1,7,0,2,2,2,2,2,1,5,8,41336,0,5.0,2
1,120,78,103,1,1,4,0,3,1,3,3,2,3,1,0,41327,0,4.0,4
2,15,299,299,2,4,0,0,2,1,1,2,2,1,3,0,41345,0,1.0,1
1,1,307,307,3,2,5,7,3,1,2,2,2,2,6,0,41326,0,3.0,4
2,2,266,0,1,1,0,0,1,1,2,1,2,1,1,0,41401,0,2.0,1
2,10,299,0,1,1,7,0,3,3,3,2,2,1,1,0,41326,0,2.0,1
2,12,247,292,2,6,0,0,2,1,1,1,1,1,1,0,41326,0,2.0,3
2,12,266,0,1,1,7,0,3,1,2,2,2,1,1,0,41326,0,5.0,4
2,2,266,0,3,1,2,7,1,1,2,1,2,1,2,0,41401,0,25.0,1
2,2,266,0,1,1,2,7,1,1,2,2,2,1,3,0,41326,0,3.0,1
2,7,266,0,2,2,7,0,2,2,2,2,2,1,3,0,41401,0,3.0,4
1,2,307,0,2,5,0,0,2,1,1,1,2,1,1,0,41326,0,2.0,4
1,12,60,307,2,2,0,0,2,1,2,2,1,1,1,0,41326,0,1.0,4
2,3,265,266,1,6,7,0,2,2,1,1,3,1,1,0,41401,0,4.0,3
1,1,213,307,3,1,2,0,1,1,2,2,2,1,6,0,41326,0,11.0,2
2,1,266,251,3,1,2,6,1,1,2,2,2,1,3,0,41326,0,5.0,2
2,21,254,265,2,1,2,7,2,2,1,1,1,1,1,0,41326,1,1.0,2
1,60,179,0,2,5,0,0,1,1,1,1,3,1,1,0,41326,0,5.0,1
2,1,243,0,1,1,2,7,1,1,2,2,2,1,1,0,41326,0,3.0,4
1,12,307,0,1,1,0,0,2,1,2,1,1,1,1,0,41326,0,9.0,3
2,2,285,266,1,1,7,0,2,2,2,2,2,1,1,0,41401,0,6.0,3
2,2,266,0,1,1,2,7,1,1,2,2,2,1,1,0,41326,0,2.0,4
2,3,307,0,2,1,3,7,1,1,3,3,3,1,1,0,41401,0,7.0,4
1,15,109,0,2,5,0,0,2,2,1,1,2,2,1,300,41401,0,1.0,1
2,2,285,266,3,1,3,0,1,2,3,3,3,2,3,0,41326,0,3.0,4
1,29,213,141,2,5,7,0,2,2,1,1,1,1,1,0,41326,0,7.0,3
1,2,307,218,2,1,7,0,2,2,1,1,2,1,1,0,41326,0,9.0,3
2,11,266,0,2,7,0,0,1,1,1,1,1,1,1,50,41401,0,3.0,1
1,3,307,0,1,1,2,0,2,2,1,1,2,1,1,0,41326,0,3.0,3
1,1,307,0,2,7,0,0,2,2,2,2,2,1,1,0,41327,0,4.0,4
1,14,218,0,2,7,0,0,2,2,2,1,2,1,1,0,41326,0,16.0,2
1,4,307,0,2,2,0,0,2,1,1,1,1,1,1,0,41401,0,9.0,4
1,3,307,189,2,1,2,0,2,1,2,2,2,1,1,50,41401,0,4.0,2
1,24,178,0,1,7,0,0,1,3,1,1,2,1,1,300,41401,0,2.0,2
1,2,189,307,2,1,0,0,2,1,2,2,2,1,1,0,41401,0,1.0,3
2,12,292,0,2,2,3,0,2,2,3,3,3,2,1,0,41326,0,1.0,4
2,3,266,0,2,1,7,0,1,1,2,2,2,1,1,0,41326,0,2.0,4
1,2,307,0,2,5,0,0,2,2,1,1,2,1,1,0,41326,0,5.0,3
2,4,292,264,1,1,7,0,2,2,3,1,2,1,2,100,41401,0,2.0,4
1,12,307,0,2,7,0,0,2,3,3,3,3,1,1,0,41326,0,2.0,3
1,48,307,0,2,7,0,0,2,2,1,1,1,1,1,0,41336,0,0.0,4
2,1,266,0,1,2,7,0,1,1,2,2,2,1,1,0,41326,0,4.0,2
1,84,240,0,2,1,3,7,1,1,1,1,2,1,1,0,41326,0,1.0,2
2,5,266,265,2,2,7,0,1,1,2,2,2,1,1,0,41401,0,3.0,3
2,12,283,0,2,6,7,0,3,2,1,1,1,1,1,0,41401,0,5.0,2
1,3,307,0,1,1,2,0,2,1,1,1,2,1,1,0,41326,0,7.0,2
1,2,39,188,1,1,2,7,2,1,1,1,2,1,2,0,41326,0,8.0,2
1,2,307,0,2,2,0,0,2,1,2,2,2,1,4,0,41332,0,5.0,3
2,2,266,299,2,6,7,0,1,1,2,1,2,1,1,0,41326,0,13.0,2
2,7,254,266,2,1,2,4,3,1,3,3,3,1,1,0,41401,0,2.0,2
2,4,262,0,3,1,2,7,2,2,2,2,2,1,3,0,41326,0,5.0,3
2,3,266,254,2,2,3,0,2,1,1,1,1,1,1,150,41326,0,3.0,3
1,24,307,0,1,5,0,0,2,1,1,1,3,1,1,0,41326,0,3.0,4
2,5,271,248,2,1,6,7,2,2,3,3,3,1,1,0,41401,0,13.0,1
1,4,307,0,2,1,2,0,2,1,1,1,2,1,1,0,41326,0,1.0,4
2,1,266,0,2,7,0,0,1,1,3,3,3,1,1,0,41326,0,1.0,1
2,5,266,0,1,3,0,0,1,1,1,1,2,1,1,0,41326,0,1.0,4
1,2,307,0,1,1,2,3,2,1,1,1,2,1,1,0,41330,0,5.0,1
1,5,307,0,1,1,2,0,2,1,1,1,2,1,1,0,41327,0,1.0,2
1,3,307,0,2,2,7,0,2,2,1,1,2,1,1,0,41326,0,2.0,3
1,2,307,0,1,1,2,0,2,1,1,1,2,1,1,0,41326,0,7.0,4
2,11,265,0,2,1,0,0,2,2,1,1,2,1,1,0,41326,0,3.0,4
1,7,44,307,2,2,5,7,2,2,1,1,1,1,1,0,41401,0,4.0,4
1,4,103,189,1,1,2,0,2,1,3,3,2,1,1,0,41326,0,3.0,2
1,84,152,0,1,1,2,0,1,2,3,1,2,2,1,0,41401,0,2.0,2
2,1,266,0,3,4,6,7,1,1,2,2,2,1,3,0,41336,0,10.0,1
2,1,266,305,2,1,5,7,2,1,2,1,2,1,1,30,41326,0,5.0,1
2,0,266,0,3,2,5,7,2,2,2,2,3,1,3,0,41401,0,2.0,3
1,3,307,0,3,1,2,5,2,1,2,1,2,1,4,0,41401,0,1.0,4
1,9,307,0,2,1,2,0,2,1,1,1,1,1,1,0,41327,0,6.0,2
2,4,266,0,1,6,0,0,1,1,1,1,2,1,1,0,41326,0,5.0,2
2,21,299,0,1,4,7,0,2,1,1,1,1,1,1,0,41326,0,4.0,4
1,36,179,0,1,1,6,7,1,1,1,1,1,1,1,300,41326,1,8.0,2
1,48,307,0,2,2,0,0,2,1,1,1,1,1,1,100,41326,0,1.0,4
2,1,265,0,3,1,2,5,2,2,2,2,2,1,5,0,41326,0,3.0,3
1,1,307,307,1,1,2,0,2,2,2,1,2,1,1,0,41326,0,1.0,3
2,7,266,0,1,1,6,0,2,1,1,1,1,1,1,0,41326,0,1.0,2
2,5,266,0,2,5,7,0,2,1,3,3,2,1,1,0,41326,0,2.0,2
1,1,307,0,2,1,2,7,2,1,3,3,3,1,1,0,41401,0,2.0,4
1,2,307,0,2,1,2,0,2,2,2,1,2,1,1,1,41330,0,2.0,2
2,108,243,0,1,3,0,0,2,2,1,3,1,1,1,0,41326,0,4.0,4
1,1,307,0,2,2,0,0,2,1,2,1,2,1,1,0,41326,0,19.0,3
2,6,247,266,2,1,2,7,2,1,2,2,2,1,2,50,41326,0,2.0,2
1,6,307,0,1,3,0,0,2,1,1,1,1,1,1,150,41326,0,2.0,4
2,24,266,266,2,1,7,0,2,1,1,1,1,1,1,0,41401,0,2.0,4
1,1,307,0,2,1,7,0,2,2,2,2,2,1,1,0,41327,0,4.0,1
2,1,252,0,1,1,0,0,1,1,2,2,2,1,1,0,41401,0,4.0,1
1,60,205,0,1,4,5,7,1,2,1,1,2,1,1,0,41401,0,8.0,3
1,2,307,0,2,1,0,0,2,1,2,2,2,1,1,0,41326,0,3.0,3
2,0,266,266,3,2,3,7,2,1,2,2,2,1,5,0,41326,0,11.0,3
2,3,265,265,2,1,7,0,2,2,2,1,2,1,1,0,41401,0,6.0,4
2,2,254,0,2,1,4,7,1,1,2,2,2,1,1,50,41326,0,5.0,4
1,3,307,0,3,1,2,5,2,1,3,3,3,1,2,0,41401,0,2.0,4
2,8,243,0,2,1,6,0,2,2,2,1,2,1,1,0,41327,0,1.0,1
2,5,265,0,1,3,4,7,2,2,1,1,2,1,1,0,41326,0,1.0,3
2,3,266,0,2,1,6,7,2,2,2,1,2,1,1,0,41326,0,2.0,1
1,2,307,0,2,2,0,0,2,2,2,2,2,1,1,0,41401,0,1.0,1
2,2,266,0,1,1,0,0,1,1,3,3,3,1,1,0,41326,0,2.0,1
2,6,266,0,2,3,5,7,2,1,1,1,1,1,1,0,41326,0,4.0,2
2,3,266,266,3,1,4,6,1,1,2,2,2,1,3,0,41326,0,5.0,2
2,2,285,265,1,7,0,0,2,3,2,1,2,1,1,100,41326,0,5.0,2
1,1,307,0,3,2,7,0,1,1,2,2,2,1,3,0,41336,0,4.0,1
1,10,307,0,2,2,0,0,2,1,1,1,2,1,1,0,41326,0,2.0,3
1,2,307,0,2,2,5,0,2,1,1,1,2,1,1,0,41326,0,4.0,2
1,60,103,0,2,1,0,0,2,2,1,1,2,1,1,500,41326,0,3.0,2
1,60,189,307,1,1,2,0,3,2,3,3,2,1,1,0,41326,0,0.0,4
1,2,307,0,2,2,0,0,2,1,3,3,3,1,3,0,41401,0,0.0,4
2,18,264,264,2,2,6,7,3,3,2,1,2,1,1,50,41326,0,5.0,3
2,6,266,0,1,4,0,0,1,1,2,1,2,1,1,0,41326,0,5.0,2
2,7,266,0,2,2,6,0,2,1,2,1,2,1,1,0,41326,0,3.0,4
1,24,307,0,1,1,2,0,2,1,1,1,1,1,1,0,41326,0,4.0,4
2,1,266,0,1,7,0,0,2,1,2,1,2,1,2,0,41326,0,10.0,1
2,2,265,0,3,1,4,0,2,2,2,3,3,1,2,0,41326,0,3.0,4
2,5,292,0,1,2,7,0,2,1,2,1,2,1,1,0,41326,0,3.0,0
1,1,128,307,2,1,2,7,2,1,1,1,2,1,1,0,41401,0,9.0,3
1,3,119,179,2,5,6,7,2,1,3,1,2,1,1,0,41401,0,3.0,1
2,5,251,265,2,1,7,0,2,2,2,2,2,1,1,350,41326,0,6.0,1
2,1,266,0,3,3,6,7,2,1,2,2,2,1,3,0,41326,0,3.0,2
2,3,266,0,2,2,4,7,1,1,2,1,2,1,1,0,41401,0,2.0,2
1,0,218,0,1,2,3,0,1,2,3,3,2,1,1,0,41326,0,2.0,1
2,4,299,0,2,1,4,0,1,2,2,1,1,1,1,100,41330,0,2.0,1
1,60,179,0,2,7,0,0,2,1,3,3,3,1,1,0,41326,0,1.0,4
1,6,179,0,1,2,0,0,1,1,1,3,2,1,1,200,41327,0,2.0,2
2,1,266,0,1,1,6,7,2,1,2,2,2,1,1,0,41332,0,2.0,1
1,28,215,0,1,2,0,0,3,2,1,1,2,1,1,0,41326,0,3.0,3
2,3,299,0,2,2,6,0,1,1,2,1,2,1,1,0,41326,0,2.0,1
1,12,117,307,2,2,5,0,2,1,3,3,3,1,1,0,41401,0,2.0,4
2,1,300,0,2,4,7,0,2,2,2,2,2,1,1,0,41401,0,4.0,2
2,2,266,0,2,2,0,0,1,1,1,1,2,1,1,50,41326,0,1.0,2
1,1,307,0,1,7,0,0,2,2,2,1,2,1,1,0,41326,0,5.0,1
2,1,266,0,2,3,6,0,2,1,1,1,1,1,1,0,41401,1,3.0,2
1,2,307,0,2,1,0,0,2,1,2,1,2,1,1,0,41401,0,14.0,3
1,1,307,0,1,1,2,7,2,2,3,3,3,1,1,0,41326,0,5.0,3
1,1,307,0,1,1,2,0,2,2,2,2,2,1,1,0,41327,0,1.0,3
2,2,265,0,1,4,7,0,2,2,2,1,3,1,1,0,41326,0,6.0,2
2,48,266,0,2,1,2,7,2,1,1,1,1,1,1,0,41326,0,3.0,3
2,2,266,0,1,1,7,0,3,1,2,2,2,1,1,0,41326,0,5.0,2
2,4,266,0,2,7,0,0,2,2,3,3,1,1,1,0,41336,0,7.0,1
2,48,265,0,1,1,6,7,3,3,3,3,3,1,1,10,41401,0,4.0,4
2,6,266,0,2,2,6,0,1,1,2,2,2,2,1,0,41326,0,1.0,4
1,4,307,307,1,2,5,7,2,1,1,1,2,1,1,0,41326,0,2.0,3
1,7,307,218,1,1,7,0,1,2,1,1,2,1,1,0,41326,0,3.0,2
1,3,307,0,2,1,2,7,2,1,1,1,2,1,1,0,41330,0,4.0,3
2,2,285,264,2,6,7,0,2,3,2,2,2,1,1,450,41327,0,7.0,2
2,5,266,0,1,6,7,0,1,1,2,1,2,1,1,0,41401,0,2.0,3
1,60,189,0,1,1,2,0,3,1,1,1,1,1,1,350,41326,0,3.0,3
1,2,239,307,2,2,0,0,2,1,3,3,2,1,1,0,41326,0,3.0,3
1,3,307,78,2,1,2,0,2,2,1,1,2,1,1,0,41326,0,4.0,2
2,2,266,306,1,1,7,0,1,1,2,2,2,1,1,0,41326,0,5.0,1
2,1,266,266,3,1,5,7,2,1,1,1,2,1,2,0,41401,0,1.0,2
1,12,307,0,2,4,7,0,2,1,1,1,1,1,1,0,41327,0,3.0,4
1,42,205,0,1,5,0,0,1,2,1,1,1,1,1,0,41326,0,6.0,1
1,12,128,0,1,7,0,0,1,1,1,1,1,1,1,0,41326,0,1.0,1
1,9,179,0,1,2,0,0,1,1,2,1,1,1,2,200,41330,0,1.0,2
1,8,307,0,1,2,0,0,2,1,1,1,2,1,1,0,41324,0,4.0,4
1,60,82,0,2,2,7,0,2,1,3,1,2,1,1,350,41326,0,4.0,3
2,4,266,0,2,5,6,7,2,1,2,2,2,1,1,10,41361,0,5.0,3
2,11,266,0,2,3,6,7,2,1,1,1,1,1,1,0,41326,0,1.0,1
2,3,265,0,1,5,7,0,2,2,3,3,2,1,1,0,41326,0,4.0,3
1,2,307,0,2,1,2,3,2,2,1,1,2,1,1,0,41326,0,5.0,1
2,2,266,0,3,1,5,7,1,1,2,1,2,1,3,50,41401,0,12.0,2
1,54,205,0,1,6,7,0,1,2,3,3,2,3,1,0,41401,0,5.0,2
2,5,292,0,2,7,0,0,2,2,2,1,2,1,1,0,41326,0,1.0,1
1,2,307,0,1,2,0,0,2,2,2,2,2,1,1,0,41327,0,5.0,2
2,7,264,0,3,1,4,6,1,3,2,2,2,1,2,0,41332,0,1.0,4
2,3,265,0,1,1,7,0,1,1,2,2,2,1,1,0,41326,0,1.0,1
1,6,179,307,1,2,0,0,1,2,3,3,3,1,1,0,41326,0,0.0,0
2,5,266,292,3,1,2,7,1,1,1,1,2,1,4,0,41401,0,5.0,1
2,3,266,0,2,1,2,0,2,1,2,2,2,1,2,0,41401,0,4.0,2
1,4,307,307,3,2,3,7,1,1,3,3,3,1,5,0,41326,0,8.0,4
2,1,266,0,3,1,4,6,2,1,2,2,2,1,4,50,41326,1,7.0,1
2,12,265,299,1,1,0,0,2,2,1,1,1,1,1,0,41330,0,5.0,3
1,12,307,0,2,2,3,4,2,2,3,3,1,1,1,0,41327,0,1.0,3
2,3,299,285,3,1,3,7,2,1,2,1,2,1,3,0,41326,0,1.0,1
2,1,266,0,3,1,3,0,1,1,2,1,2,1,5,0,41326,0,1.0,4
1,4,307,0,2,2,7,0,2,2,1,3,3,1,1,0,41326,0,1.0,3
2,4,266,0,1,3,0,0,1,1,2,2,2,1,1,0,41326,0,3.0,2
2,3,266,0,1,1,7,0,2,1,1,1,1,1,1,0,41326,0,15.0,4
2,3,266,0,3,6,0,0,2,1,1,1,2,1,2,100,41401,0,4.0,3
1,1,307,307,2,1,2,0,2,2,2,1,2,1,1,0,41326,0,5.0,2
1,24,72,307,2,5,7,0,2,1,1,1,1,1,1,0,41330,0,4.0,4
2,2,265,0,3,5,7,0,2,2,2,2,2,1,2,0,41326,1,4.0,1
2,10,265,0,1,4,7,0,3,2,1,1,2,2,1,0,41326,0,3.0,3
2,2,247,0,3,1,3,7,1,2,2,1,2,1,2,0,41326,0,3.0,1
1,2,307,0,1,1,2,0,2,1,2,2,2,1,1,0,41326,1,4.0,4
1,3,307,129,2,2,7,0,2,1,2,1,2,1,1,0,41401,0,10.0,3
1,2,307,307,2,2,0,0,2,1,1,1,2,1,1,0,41326,0,3.0,2
1,5,307,0,1,2,5,0,1,1,3,3,3,1,1,0,41326,0,1.0,3
1,72,178,0,1,2,3,7,1,3,1,1,2,1,1,300,41401,0,5.0,2
2,6,266,0,2,2,4,5,1,1,1,1,2,1,1,0,41326,0,3.0,0
1,38,128,0,1,2,7,0,1,1,1,1,1,1,1,0,41326,0,2.0,2
2,1,241,242,2,4,5,7,2,3,3,3,3,1,1,0,41326,0,3.0,1
2,1,265,265,3,1,6,7,1,1,2,2,2,1,2,0,41326,0,6.0,2
1,78,307,0,1,2,0,0,3,1,1,1,3,1,1,0,41401,0,5.0,4
2,3,299,0,1,2,6,0,1,2,2,1,2,1,1,0,41401,0,3.0,2
1,2,307,0,1,1,2,7,2,3,2,2,2,1,1,0,41326,0,6.0,0
2,12,243,0,1,1,7,0,2,2,2,2,2,2,1,50,41401,0,5.0,4
1,6,213,205,2,1,2,7,2,2,1,1,2,1,2,1,41326,0,7.0,4
2,1,266,0,2,6,7,0,2,1,1,1,2,1,3,0,41326,0,1.0,2
2,2,265,299,1,1,2,6,2,2,1,1,2,1,1,0,41327,0,7.0,1
1,36,189,307,1,1,0,0,3,1,3,3,3,1,1,350,41326,0,1.0,4
2,17,266,0,3,1,4,5,2,2,2,3,1,1,15,0,41401,0,2.0,1
1,2,307,0,2,1,7,0,2,2,1,1,2,1,3,0,41326,0,4.0,4
1,4,307,109,2,1,2,0,2,2,2,1,2,3,1,100,41324,0,0.0,4
1,18,17,218,2,5,0,0,1,2,3,1,3,1,1,100,41326,0,4.0,3
1,1,307,0,2,1,2,7,2,2,2,1,2,1,1,0,41326,0,2.0,1
2,3,266,266,3,1,6,7,2,2,3,3,3,1,6,0,41401,0,4.0,4
1,2,307,307,1,1,0,0,2,2,1,1,2,1,1,0,41326,0,3.0,1
1,12,205,0,1,1,2,0,1,3,3,3,3,2,1,0,41336,0,5.0,4
1,36,100,0,2,4,0,0,1,1,2,2,3,2,1,0,41326,0,1.0,1
2,1,266,0,1,4,0,0,1,1,2,2,2,1,3,9,41401,0,3.0,2
2,2,266,266,2,1,7,0,2,2,2,2,2,1,1,0,41326,0,3.0,2
1,6,307,0,2,1,2,0,2,2,1,1,2,1,1,0,41326,0,5.0,4
1,12,307,0,2,1,2,4,2,1,1,1,1,1,1,0,41327,0,1.0,3
1,24,307,0,1,1,7,0,2,2,1,1,2,1,1,0,41326,0,2.0,4
2,2,243,0,2,7,0,0,1,1,2,2,1,1,1,100,41336,0,4.0,4
2,2,299,266,1,2,3,7,2,1,2,1,2,1,2,0,41326,0,13.0,2
2,2,265,0,3,1,5,7,2,2,2,2,2,1,2,0,41326,0,1.0,1
1,5,218,0,1,2,7,0,2,1,1,1,1,1,1,0,41326,0,7.0,2
1,1,205,212,3,1,7,0,2,2,2,2,2,1,5,0,41326,0,0.0,1
2,4,265,0,1,7,0,0,2,2,3,3,3,1,2,0,41326,0,5.0,2
1,6,307,0,1,2,7,0,2,1,1,1,2,1,1,0,41401,0,3.0,4
2,1,264,0,2,1,6,0,1,3,2,2,2,1,1,0,41325,0,2.0,1
1,4,307,0,2,2,0,0,2,1,1,1,1,1,1,0,41401,0,6.0,4
2,2,265,265,1,7,0,0,2,2,1,1,2,2,1,0,41401,0,9.0,2
1,7,307,307,2,2,7,0,2,1,1,1,2,1,1,0,41327,0,2.0,4
1,5,307,0,2,2,0,0,2,2,2,2,2,1,1,0,41336,0,3.0,4
2,14,292,285,3,1,3,6,1,1,3,1,1,1,5,100,41326,0,4.0,4
1,3,307,0,2,2,5,0,2,2,2,2,2,1,1,0,41326,2,3.0,4
2,1,265,0,1,3,6,7,2,2,2,1,2,1,2,0,41401,1,9.0,1
2,3,266,0,2,5,0,0,2,1,1,1,2,1,2,0,41326,0,3.0,4
2,3,295,0,3,1,2,4,2,2,2,2,2,1,4,0,41336,0,1.0,4
1,1,307,0,2,2,0,0,2,1,2,2,2,1,1,0,41326,3,4.0,2
1,1,307,307,1,1,2,0,2,2,2,1,2,1,1,0,41326,0,1.0,3
1,84,205,0,1,2,6,7,1,3,1,1,1,1,1,200,41326,0,3.0,2
1,2,307,0,3,1,2,7,2,1,2,2,2,1,7,0,41326,0,12.0,3
1,1,307,307,2,7,0,0,3,1,2,1,2,1,3,50,41332,0,4.0,3
1,2,307,0,2,7,0,0,2,2,1,1,2,1,1,0,41401,1,14.0,2
2,2,266,266,3,3,7,0,1,1,2,2,2,1,5,0,41326,0,3.0,1
2,12,266,0,2,7,0,0,2,1,3,3,3,1,1,0,41326,0,5.0,1
2,2,264,265,1,1,2,6,2,2,2,1,2,1,1,50,41326,0,6.0,3
2,2,266,0,1,1,6,7,1,1,2,2,2,1,1,0,41401,0,4.0,2
2,3,266,0,1,1,7,0,1,1,2,1,2,1,1,0,41326,0,9.0,1
1,48,307,0,2,1,2,5,2,1,1,1,1,1,2,0,41401,0,2.0,3
2,2,292,266,3,1,3,0,1,2,2,2,2,1,3,0,41326,0,8.0,1
1,4,307,0,2,7,0,0,2,2,2,2,2,1,1,0,41326,0,7.0,1
1,2,213,307,1,2,0,0,2,1,1,1,1,1,5,0,41326,0,3.0,4
2,4,266,0,1,1,7,0,2,1,2,2,2,1,1,0,41326,0,3.0,1
1,4,307,0,1,5,0,0,2,2,2,2,2,1,1,0,41326,0,2.0,3
1,1,307,0,2,1,2,0,2,1,2,1,2,1,1,0,41326,1,5.0,2
1,17,50,44,1,2,0,0,3,1,1,1,1,1,1,300,41326,0,2.0,1
1,2,42,0,2,4,5,0,1,1,2,1,2,1,1,300,41326,0,9.0,2
2,14,266,292,1,2,5,0,2,1,1,2,2,1,1,0,41326,0,1.0,1
1,1,307,0,1,1,2,0,2,1,2,1,2,1,1,0,41327,0,2.0,1
1,2,307,0,2,2,0,0,2,1,1,1,2,1,1,0,41401,0,1.0,1
2,24,242,0,2,2,6,7,2,3,1,1,1,1,1,400,41326,1,10.0,3
2,3,265,0,3,1,3,7,1,2,1,1,2,1,5,0,41326,0,0.0,3
1,1,307,0,2,1,2,5,2,2,3,3,3,1,1,0,41324,0,3.0,4
1,2,307,0,2,5,0,0,2,1,2,2,2,1,1,0,41326,0,2.0,1
1,12,307,307,1,1,5,0,2,1,1,1,1,1,1,0,41326,0,3.0,4
2,3,266,266,1,3,7,0,2,1,2,1,2,1,1,0,41401,0,5.0,3
2,5,266,0,1,6,7,0,2,1,1,1,1,1,2,0,41326,0,8.0,4
1,3,307,0,2,1,5,7,2,2,2,2,2,1,2,0,41326,0,4.0,3
2,2,266,299,3,2,3,6,1,1,2,2,2,1,2,0,41327,1,8.0,2
1,24,152,0,2,2,0,0,1,1,3,3,2,1,1,0,41326,0,0.0,2
1,10,152,0,1,1,2,0,1,1,1,1,1,1,2,50,41326,0,5.0,1
2,2,299,0,1,1,7,0,2,1,2,2,2,1,1,0,41326,0,9.0,1
2,3,266,0,1,3,0,0,2,1,2,1,2,1,1,0,41326,0,1.0,1
1,2,307,0,1,1,7,0,2,1,1,1,2,1,1,0,41326,0,8.0,2
2,4,266,0,3,1,2,7,1,1,2,2,2,1,4,0,41401,0,2.0,4
2,5,266,247,3,1,2,7,2,1,2,1,2,1,2,50,41401,0,9.0,3
2,3,266,266,3,1,6,7,1,1,2,2,2,1,5,0,41326,0,4.0,2
1,2,307,0,2,1,5,0,2,1,1,1,2,1,1,0,41326,0,6.0,2
1,5,204,307,1,2,5,0,3,1,3,3,3,1,1,0,41326,0,3.0,2
1,3,307,0,1,1,4,0,2,1,2,1,3,1,1,0,41401,0,7.0,3
2,25,266,0,3,1,4,7,3,1,2,1,2,1,4,0,41326,0,4.0,3
2,4,266,0,2,2,3,4,1,1,2,1,2,1,1,0,41326,0,1.0,2
1,1,307,0,2,1,7,0,2,2,2,2,2,1,1,0,41326,0,4.0,2
2,2,266,0,2,1,2,6,1,1,2,2,2,1,1,0,41326,0,2.0,3
2,3,266,0,2,1,2,3,1,1,2,3,2,1,1,0,41327,0,5.0,4
2,9,266,0,2,5,0,0,2,1,2,2,2,1,1,0,41326,0,2.0,2
2,3,266,0,1,3,0,0,2,1,1,1,2,1,1,0,41326,0,6.0,3
2,24,266,0,1,6,7,0,2,1,3,3,1,1,1,0,41326,0,2.0,2
1,4,307,0,2,1,2,3,2,2,2,2,3,1,1,0,41330,0,2.0,4
2,4,265,0,2,5,0,0,2,2,1,1,2,1,1,0,41326,0,3.0,4
2,2,265,0,2,2,5,7,2,2,2,1,2,1,1,0,41401,2,4.0,2
2,7,266,0,2,1,2,7,2,1,1,1,1,1,1,0,41336,0,3.0,2
2,7,254,266,2,1,4,7,2,1,1,1,1,1,1,50,41326,0,3.0,1
2,3,299,0,1,4,7,0,2,1,3,3,3,1,1,0,41336,0,4.0,2
2,1,266,0,1,1,2,7,1,1,2,2,2,1,1,0,41326,0,4.0,4
2,2,266,0,1,1,2,0,1,1,2,2,2,1,1,0,41326,0,4.0,2
1,9,307,0,1,2,7,0,2,1,1,1,1,1,1,0,41326,0,6.0,4
1,24,307,307,2,1,2,7,2,2,3,1,3,1,1,0,41336,0,1.0,3
2,21,265,0,1,1,2,6,2,2,1,1,1,1,1,0,41401,0,2.0,2
2,48,299,0,2,7,0,0,2,1,3,3,1,1,1,0,41336,0,2.0,4
1,1,307,307,1,1,2,0,2,2,2,2,2,1,1,0,41326,0,1.0,3
2,12,266,0,2,1,7,0,2,1,2,1,2,1,1,0,41401,0,1.0,3
2,6,266,0,2,3,4,7,1,1,1,1,2,1,1,0,41326,0,4.0,3
2,3,266,0,1,1,6,7,1,1,2,2,2,1,1,0,41326,0,1.0,1
1,6,307,0,2,1,0,0,3,1,2,2,2,2,1,0,41326,0,2.0,4
2,5,264,0,2,6,7,0,2,2,1,1,2,1,1,0,41326,0,3.0,1
2,2,265,0,3,3,4,0,2,2,2,2,2,1,3,0,41326,0,4.0,2
1,3,307,307,1,2,0,0,2,1,1,3,1,1,1,0,41326,0,1.0,4
1,24,179,0,1,7,0,0,1,1,1,1,1,1,1,0,41401,0,1.0,1
2,3,266,0,1,1,7,0,1,1,2,1,2,1,1,0,41336,0,5.0,2
1,1,307,307,2,1,2,0,2,1,1,1,2,1,1,0,41326,0,4.0,2
1,3,103,307,1,5,6,0,3,1,2,2,2,1,1,0,41325,0,1.0,2
1,1,75,307,3,1,2,5,1,2,3,3,3,1,6,0,41327,0,2.0,4
2,2,266,0,2,1,4,7,1,1,2,1,2,1,1,0,41401,0,7.0,2
2,2,266,303,1,1,3,0,1,1,2,1,2,1,1,0,41330,0,1.0,4
2,2,254,0,3,4,7,0,2,2,2,2,2,1,4,0,41326,1,10.0,1
1,3,307,0,1,2,0,0,2,1,1,1,2,1,1,0,41326,0,1.0,2
1,2,307,218,1,1,2,0,2,2,1,1,2,1,1,0,41326,0,4.0,1
1,3,307,0,2,1,7,0,2,1,2,1,2,1,1,0,41401,0,3.0,4
2,2,266,0,1,3,5,0,2,1,2,1,2,1,1,0,41401,0,10.0,2
1,3,218,119,2,2,0,0,2,2,1,1,1,1,1,0,41401,0,2.0,2
1,36,307,307,1,1,0,0,2,2,1,1,1,1,1,150,41326,0,1.0,4
2,1,264,0,3,1,2,4,1,1,2,2,2,1,3,0,41326,0,3.0,0
1,2,31,307,1,1,7,0,2,1,3,3,2,1,1,0,41326,0,2.0,3
1,2,69,307,2,1,0,0,2,1,3,1,2,1,1,0,41401,0,5.0,2
1,12,307,109,1,2,3,0,2,2,1,1,1,1,1,0,41401,0,4.0,3
1,4,307,0,1,4,7,0,2,1,1,1,2,1,2,0,41326,0,6.0,2
2,5,288,266,2,4,6,7,2,1,2,1,2,1,1,0,41401,0,2.0,2
2,3,264,0,1,2,7,0,3,3,2,1,2,1,1,50,41326,0,4.0,1
1,2,307,0,2,2,7,0,2,1,2,2,2,1,1,0,41326,0,3.0,2
1,48,109,307,2,2,3,0,2,2,1,1,2,1,1,0,41332,0,3.0,1
1,60,307,0,1,2,5,7,2,2,3,3,3,1,1,0,41326,0,2.0,4
1,3,307,0,1,1,2,7,1,1,2,2,2,2,9,0,41326,0,9.0,2
1,3,307,0,2,1,0,0,2,1,2,1,2,1,1,0,41326,0,2.0,4
2,1,266,0,2,2,3,4,1,1,2,1,2,1,4,0,41330,0,2.0,2
2,3,265,0,3,1,4,7,2,2,2,2,2,1,4,0,41326,0,1.0,4
2,0,266,0,3,5,7,0,1,1,2,2,2,1,5,0,41401,0,7.0,1
2,4,265,0,2,1,4,7,1,2,3,3,3,1,1,0,41401,0,6.0,3
1,12,20,213,1,1,2,7,2,1,1,1,1,1,1,0,41336,0,2.0,4
1,1,307,307,1,1,2,0,2,1,2,1,2,1,1,150,41326,1,10.0,3
1,4,307,141,1,1,2,0,2,1,2,2,2,1,1,0,41325,0,2.0,2
1,2,307,0,2,1,5,0,2,1,2,2,2,1,1,0,41326,0,8.0,1
2,2,264,0,2,1,2,6,1,3,2,2,2,1,1,0,41326,0,5.0,0
1,15,109,141,2,3,5,0,2,1,3,1,3,1,1,0,41327,0,3.0,3
2,5,266,0,2,2,4,0,2,2,1,1,1,1,2,50,41401,0,2.0,1
1,3,307,0,3,2,0,0,3,1,2,2,2,1,3,0,41401,0,1.0,2
1,3,190,0,2,1,7,0,4,2,1,2,2,2,1,0,41324,0,4.0,1
2,12,266,0,1,2,3,7,2,2,2,1,2,1,1,0,41330,1,4.0,4
2,4,292,0,1,1,2,7,1,1,2,1,2,1,1,50,41401,0,5.0,4
2,3,266,303,2,1,2,5,2,1,1,1,2,1,1,0,41326,0,6.0,1
2,2,266,0,3,5,7,0,3,1,2,1,2,1,4,10,41401,0,3.0,0
1,4,307,307,2,1,0,0,2,1,1,1,2,1,1,100,41326,0,2.0,4
1,1,307,307,1,7,0,0,3,1,2,1,2,1,1,50,41332,0,1.0,1
2,3,265,0,2,1,2,7,1,2,2,1,2,1,1,1,41326,0,3.0,4
1,24,307,0,1,1,2,3,2,2,1,1,1,1,1,0,41326,0,13.0,3
1,3,307,0,1,5,0,0,2,1,2,1,2,1,1,0,41336,0,3.0,1
1,1,307,0,3,1,5,7,2,1,2,2,2,1,4,10,41326,0,4.0,1
2,4,292,266,2,1,5,6,1,1,2,1,2,1,1,0,41401,0,1.0,1
1,2,307,0,2,2,7,0,2,1,1,1,2,1,2,0,41401,0,3.0,1
1,1,81,307,2,1,2,0,2,1,2,2,2,1,1,0,41401,0,1.0,1
1,9,307,0,2,1,2,0,2,1,3,3,3,3,1,0,41326,0,7.0,3
2,1,265,0,1,2,3,5,2,2,3,3,3,1,1,0,41326,0,7.0,4
1,48,128,0,1,2,7,0,2,1,1,1,2,1,1,0,41326,0,2.0,3
1,2,307,0,3,2,5,0,2,2,1,1,2,1,6,0,41326,3,16.0,2
2,5,266,0,2,1,0,0,2,1,2,1,2,1,1,0,41401,0,1.0,4
1,72,179,0,1,2,5,0,2,1,3,3,3,1,1,200,41327,0,2.0,4
1,72,179,0,2,5,0,0,1,1,2,2,2,1,1,200,41326,0,1.0,3
1,1,307,0,3,1,2,7,2,1,2,1,2,1,4,0,41330,0,7.0,4
2,4,266,0,3,1,4,7,2,1,2,1,2,1,2,50,41335,0,4.0,4
2,4,266,0,2,3,4,7,1,1,2,2,2,1,1,0,41401,0,1.0,2
1,21,205,0,1,2,5,7,1,3,1,1,2,1,1,200,41401,0,2.0,2
2,2,265,0,3,3,7,0,1,2,2,1,2,1,2,70,41326,0,5.0,1
2,24,247,0,1,2,3,4,2,2,3,3,3,1,1,0,41401,0,1.0,4
1,1,307,0,3,1,0,0,2,1,2,2,2,1,7,0,41326,1,3.0,2
1,17,182,0,1,7,0,0,2,1,1,1,2,1,1,0,41327,0,1.0,1
2,38,266,0,2,1,3,7,3,1,1,1,3,1,1,0,41332,0,1.0,4
1,2,307,0,2,1,0,0,2,1,1,1,2,1,1,0,41326,0,4.0,4
1,48,179,179,2,5,0,0,1,1,3,3,3,1,1,200,41326,0,1.0,1
2,2,266,0,3,1,7,0,2,1,2,2,2,1,3,0,41326,0,1.0,2
1,24,109,0,2,4,5,0,2,2,2,2,1,1,1,300,41336,0,2.0,1
1,3,204,307,2,2,0,0,2,1,1,1,2,1,1,0,41326,0,3.0,3
1,12,307,0,1,2,3,0,2,1,1,1,2,1,1,0,41326,0,5.0,2
2,2,266,0,3,1,6,0,1,1,2,2,2,1,6,0,41327,0,5.0,4
1,14,205,0,2,3,7,0,1,2,1,1,3,1,1,300,41401,0,6.0,1
2,96,289,0,2,6,0,0,4,2,1,1,1,1,3,0,41401,0,3.0,4
2,5,282,264,3,1,6,7,2,2,1,1,3,1,3,0,41401,0,6.0,3
1,24,179,0,1,7,0,0,1,2,3,3,3,1,1,0,41401,0,3.0,3
2,12,265,0,2,7,0,0,2,2,3,3,3,1,1,0,41326,0,4.0,4
1,7,307,206,2,1,7,0,2,1,1,1,2,1,1,100,41326,0,3.0,4
2,3,266,0,2,7,0,0,2,2,3,3,2,1,1,50,41401,0,3.0,2
2,10,266,0,2,6,7,0,1,1,2,1,1,1,1,0,41326,0,1.0,2
2,6,266,0,2,2,0,0,2,1,1,1,2,1,1,0,41324,0,2.0,2
1,48,128,0,2,2,7,0,1,1,1,1,2,1,1,0,41326,0,0.0,4
2,5,265,0,2,2,7,0,1,2,1,1,1,1,1,50,41326,0,1.0,1
2,9,265,0,1,1,6,0,2,2,2,2,2,1,1,0,41326,0,1.0,1
2,12,265,0,1,1,0,0,3,2,3,3,3,1,1,0,41367,0,1.0,2
2,8,264,0,1,4,7,0,2,3,2,1,2,1,1,0,41326,0,5.0,2
1,2,307,0,2,1,5,7,2,2,2,2,2,1,1,0,41326,0,5.0,1
2,3,266,0,1,4,7,0,2,1,2,1,2,1,1,30,41326,0,2.0,1
2,12,307,0,2,1,7,0,2,1,1,1,1,1,1,0,41401,0,3.0,4
2,7,265,0,1,2,7,0,3,2,2,3,2,1,1,0,41326,0,5.0,2
1,24,49,307,2,5,0,0,2,1,1,1,1,1,1,0,41326,0,5.0,3
2,8,266,0,2,7,0,0,2,1,3,3,3,1,1,0,41326,0,3.0,2
1,2,307,0,2,2,0,0,1,1,2,2,2,1,1,0,41401,0,1.0,4
1,36,141,307,2,7,0,0,2,1,1,1,1,1,1,150,41326,0,4.0,4
2,1,254,0,2,1,4,6,3,2,2,2,2,1,1,0,41326,0,4.0,1
1,60,213,69,1,3,5,0,2,2,1,1,2,1,1,0,41401,0,2.0,4
2,3,285,0,2,1,6,0,1,3,2,2,2,1,1,0,41326,0,1.0,1
1,1,307,0,2,2,0,0,2,2,2,1,2,1,4,0,41326,0,12.0,2
1,2,307,0,1,1,2,0,2,2,1,1,2,1,1,0,41326,0,2.0,3
1,24,307,0,1,4,7,0,2,1,3,3,3,1,1,0,41401,0,1.0,4
2,24,292,265,2,2,5,7,2,2,1,1,1,1,1,0,41326,0,2.0,2
2,2,266,0,2,7,0,0,2,1,2,2,2,1,1,0,41401,0,2.0,1
2,12,251,0,2,6,0,0,2,1,3,3,3,1,1,0,41326,0,3.0,1
2,1,299,0,2,1,2,7,1,1,2,1,2,1,1,0,41326,0,2.0,1
1,2,307,0,2,1,2,5,2,1,2,2,2,1,2,0,41326,0,2.0,1
1,2,307,0,2,2,0,0,2,1,2,2,2,1,1,0,41401,0,1.0,1
1,2,307,0,1,2,5,0,2,1,1,1,1,1,1,0,41326,0,1.0,2
1,36,200,192,3,2,7,0,2,1,3,3,3,1,2,200,41401,0,5.0,4
1,2,307,218,2,1,2,7,2,1,2,1,2,1,2,0,41326,0,10.0,4
1,3,307,0,2,1,7,0,2,1,1,1,2,1,1,0,41326,0,1.0,2
1,24,240,0,1,1,2,0,1,1,3,3,3,1,1,0,41401,0,1.0,0
1,60,179,0,1,2,0,0,2,2,1,2,2,1,1,0,41326,0,2.0,3
1,48,307,0,1,1,7,0,2,1,1,1,3,1,1,0,41326,0,2.0,4
2,6,266,0,2,1,4,7,1,1,2,1,1,1,1,0,41326,0,1.0,2
1,6,307,307,2,1,2,0,3,1,1,1,2,1,1,50,41332,0,3.0,4
1,1,307,0,1,1,2,0,2,1,1,1,2,1,1,0,41326,0,6.0,3
1,36,179,0,2,5,0,0,1,1,1,1,3,1,1,400,41401,0,1.0,4
2,1,265,0,3,1,3,7,1,1,2,2,2,1,4,0,41326,0,1.0,1
1,84,307,0,2,2,7,0,1,1,1,1,1,1,1,0,41326,0,2.0,4
1,2,307,0,1,7,0,0,2,1,2,1,2,1,1,0,41326,0,9.0,3
2,3,283,0,1,2,5,0,1,2,2,2,2,1,1,0,41401,0,9.0,2
2,1,265,0,1,1,7,0,1,1,2,1,2,1,1,0,41326,1,13.0,1
2,1,266,266,2,4,7,0,1,2,1,1,2,2,1,50,41326,0,10.0,3
1,9,195,307,1,2,0,0,1,1,1,1,2,1,1,50,41401,0,4.0,4
2,9,306,266,1,1,7,0,2,1,1,1,1,1,1,0,41401,0,4.0,2
1,2,307,0,2,2,5,7,2,2,2,2,2,1,4,0,41326,0,5.0,2
1,2,307,307,1,1,2,0,2,2,2,1,2,1,1,0,41326,0,3.0,2
1,7,307,0,2,7,0,0,2,1,2,2,1,1,1,0,41326,0,5.0,4
2,12,292,0,2,2,5,7,2,1,2,2,2,1,1,0,41326,0,2.0,4
1,0,307,0,1,1,2,3,3,1,2,2,2,1,5,0,41336,0,7.0,2
1,24,205,0,1,2,7,0,1,2,1,2,2,1,1,100,41326,0,3.0,1
1,11,307,0,2,3,0,0,2,2,1,1,1,1,1,0,41326,0,2.0,2
1,3,307,0,2,2,0,0,2,1,1,1,2,1,1,0,41326,0,1.0,3
1,12,307,0,1,1,7,0,2,1,1,1,2,1,1,250,41326,0,3.0,4
2,3,266,0,1,4,7,0,2,1,2,2,2,1,1,0,41401,0,1.0,1
1,1,307,307,2,5,7,0,2,1,2,2,2,1,1,0,41326,0,10.0,2
2,24,292,299,2,4,7,0,2,1,1,1,1,1,1,0,41326,0,3.0,3
2,3,299,0,2,1,2,0,2,1,2,2,2,1,1,100,41401,0,4.0,2
2,9,276,0,2,4,7,0,3,2,1,1,2,1,1,200,41326,0,2.0,2
2,4,266,0,1,6,7,0,2,1,1,1,2,1,1,0,41326,0,3.0,1
1,8,307,0,1,4,5,0,3,1,1,1,1,1,1,80,41326,0,2.0,4
1,60,205,0,1,7,0,0,1,3,3,3,1,1,1,0,41401,0,3.0,2
2,27,265,0,1,5,0,0,3,2,1,2,3,1,1,0,41332,0,2.0,2
1,1,141,307,1,2,0,0,2,1,3,3,2,1,1,0,41326,0,1.0,3
1,2,307,0,1,2,7,0,1,1,1,1,2,1,1,0,41326,0,2.0,4
1,2,150,307,3,1,2,5,2,1,1,1,2,1,6,0,41401,0,5.0,4
2,3,266,0,1,6,7,0,2,1,2,1,2,1,1,0,41326,0,2.0,3
2,8,266,0,1,2,7,0,2,1,1,1,1,1,1,0,41326,0,5.0,3
1,8,307,0,2,7,0,0,2,2,1,1,1,1,1,0,41401,0,3.0,2
1,2,307,0,2,2,0,0,2,1,1,1,2,1,1,0,41326,0,9.0,3
1,84,205,195,1,1,7,0,1,2,3,1,3,1,1,0,41326,0,3.0,2
2,3,266,292,2,6,7,0,2,1,2,1,2,1,1,0,41401,0,3.0,3
2,8,266,299,2,1,6,7,2,2,2,2,1,1,1,0,41326,0,1.0,2
1,12,307,0,1,1,0,0,2,1,3,3,3,1,2,0,41401,0,3.0,2
2,2,265,0,3,1,4,6,2,2,2,1,3,1,9,0,41326,0,5.0,3
1,6,307,0,2,2,0,0,2,1,1,1,1,1,1,0,41336,0,1.0,4
2,6,266,0,1,6,7,0,2,1,1,1,1,1,1,50,41401,0,0.0,3
2,3,265,0,2,1,7,0,2,2,2,2,2,1,2,0,41401,0,8.0,1
2,2,266,0,3,1,3,6,2,1,2,2,2,1,4,0,41326,0,12.0,1
1,4,307,0,1,4,0,0,2,2,3,1,2,1,1,0,41326,0,8.0,2
2,1,266,0,2,1,7,0,2,1,2,2,2,1,1,0,41401,0,1.0,4
1,9,307,0,1,1,0,0,2,2,3,3,1,1,1,0,41326,0,5.0,3
2,2,266,0,3,4,0,0,2,1,2,2,2,1,3,0,41326,0,1.0,2
1,1,307,0,1,1,7,0,2,2,2,2,2,1,1,0,41326,0,4.0,1
2,24,265,288,1,1,5,7,3,2,3,3,3,1,1,0,41401,0,4.0,0
1,1,307,0,2,7,0,0,1,1,2,2,2,1,1,0,41332,2,5.0,2
2,36,301,266,2,1,2,0,2,1,1,1,1,1,1,0,41401,0,5.0,3
1,3,307,0,2,2,0,0,2,2,1,1,2,1,1,0,41326,0,2.0,3
2,48,244,0,2,2,6,7,3,3,1,3,3,1,1,300,41326,0,2.0,2
2,3,265,0,1,5,7,0,1,2,2,2,2,1,1,0,41335,0,2.0,1
1,6,213,307,2,2,7,0,1,2,1,1,1,1,1,0,41326,0,4.0,3
2,5,265,0,2,1,6,0,2,2,2,1,2,1,2,0,41401,0,1.0,4
2,3,306,0,1,1,7,0,1,1,1,1,2,1,1,0,41326,0,3.0,4
2,1,265,0,2,1,7,0,1,1,2,2,2,1,1,0,41401,0,3.0,1
2,3,251,0,3,1,5,6,2,2,2,2,2,1,3,50,41401,0,4.0,4
1,3,307,0,3,1,2,3,2,1,1,1,2,1,3,15,41326,0,8.0,2
1,1,307,0,3,2,7,0,2,1,1,1,2,1,2,0,41326,8,26.0,3
2,1,265,265,2,1,0,0,1,2,2,2,2,1,1,0,41401,0,4.0,4
1,72,213,103,2,1,0,0,2,2,3,3,1,1,1,0,41326,0,2.0,4
2,2,265,0,1,1,7,0,1,2,2,1,2,1,1,0,41326,0,3.0,3
2,36,264,0,1,6,0,0,2,3,3,3,3,1,1,0,41326,0,5.0,1
1,4,307,307,2,1,4,7,2,1,2,2,2,1,3,0,41401,0,0.0,4
2,6,266,0,1,2,4,7,1,1,2,2,2,1,3,0,41401,0,4.0,4
1,1,307,0,3,7,0,0,3,2,2,2,2,1,2,0,41326,0,4.0,3
1,2,307,0,3,1,2,0,2,2,3,3,3,1,6,0,41401,0,4.0,2
1,60,49,0,1,2,0,0,2,1,3,3,3,1,1,0,41326,0,1.0,1
2,3,266,0,2,2,5,7,2,1,2,1,3,1,1,0,41326,0,2.0,1
1,4,307,0,1,2,7,0,2,1,1,1,2,1,1,0,41326,0,1.0,1
1,4,307,0,1,1,0,0,3,2,1,1,1,1,1,0,41326,0,2.0,1
2,2,266,0,3,1,3,7,2,1,2,2,2,1,6,0,41401,0,19.0,3
1,3,307,0,1,2,0,0,2,1,2,2,2,1,1,0,41326,0,1.0,3
1,6,102,0,2,1,2,0,1,1,2,2,2,1,1,0,41401,0,5.0,3
1,2,307,307,2,2,3,5,2,1,3,3,3,1,1,0,41326,0,3.0,4
2,12,266,0,1,2,7,0,2,2,1,1,1,1,1,0,41327,0,5.0,4
1,6,307,0,1,3,0,0,2,2,2,2,1,1,1,50,41401,0,1.0,4
2,1,266,0,3,4,7,0,2,1,2,1,2,1,2,0,41326,0,4.0,1
1,12,109,0,1,3,0,0,3,3,1,1,2,1,1,0,41326,0,1.0,1
2,2,266,266,3,1,7,0,1,1,2,2,3,1,2,0,41326,0,4.0,4
1,2,307,103,2,2,0,0,2,1,2,2,2,1,1,0,41326,0,2.0,1
2,4,266,0,1,6,7,0,2,1,2,1,2,1,1,0,41401,0,1.0,1
2,12,266,0,1,1,2,7,1,1,3,3,3,1,1,0,41326,0,3.0,4
1,12,307,0,1,3,4,0,2,2,3,3,3,1,1,1,41326,0,1.0,4
1,1,307,218,1,1,2,7,2,2,2,2,2,1,1,0,41326,0,4.0,2
1,5,307,141,1,1,7,0,2,1,3,3,2,1,1,0,41326,0,4.0,3
1,2,307,307,3,2,7,0,1,1,2,2,2,1,2,0,41401,0,3.0,4
2,2,265,266,2,2,6,7,2,1,2,2,2,1,1,0,41326,0,5.0,2
1,2,307,213,1,3,5,0,2,1,2,2,2,1,1,0,41326,0,2.0,2
1,13,141,0,2,3,0,0,3,1,1,1,1,1,1,0,41326,0,3.0,3
2,1,266,266,3,4,6,7,2,1,2,2,2,1,2,0,41401,0,5.0,2
1,20,189,0,1,1,0,0,3,2,1,1,1,1,1,300,41326,0,5.0,3
2,1,266,0,2,6,7,0,1,1,2,2,2,1,1,0,41326,0,7.0,1
1,1,307,0,2,1,2,7,2,1,2,1,2,1,1,90,41326,0,1.0,3
2,23,265,0,2,1,7,0,2,2,2,3,3,1,1,0,41324,0,1.0,4
1,2,307,0,2,1,5,7,2,1,2,2,2,1,1,0,41330,1,7.0,3
2,3,292,299,3,2,7,0,2,1,2,2,2,1,3,0,41326,0,5.0,2
1,3,307,109,2,1,2,7,2,2,1,1,2,1,1,0,41326,0,6.0,3
1,2,307,0,1,5,0,0,2,2,3,3,2,1,1,0,41326,0,5.0,2
1,36,307,0,2,1,2,0,2,1,2,2,1,1,1,0,41326,0,3.0,4
1,4,307,307,2,1,7,0,2,1,1,1,2,1,1,100,41326,0,8.0,4
2,120,264,266,2,1,2,7,3,3,3,3,3,1,2,50,41401,0,1.0,4
2,6,266,0,2,2,4,7,2,1,2,2,2,1,2,0,41326,0,2.0,4
2,6,266,0,2,1,0,0,2,1,2,2,2,1,1,0,41401,1,1.0,4
1,2,307,0,1,2,3,0,2,2,1,1,2,1,1,50,41326,0,2.0,2
2,6,265,0,2,1,2,0,2,2,2,2,2,1,1,0,41401,0,1.0,1
1,3,39,188,1,1,7,0,2,1,1,1,2,1,2,0,41326,0,6.0,3
1,2,307,78,3,1,2,7,2,1,1,1,2,1,2,200,41326,0,2.0,3
2,12,292,266,1,2,5,7,3,1,2,2,2,1,1,0,41401,0,5.0,2
1,1,307,103,2,1,2,3,2,1,2,2,2,1,1,0,41401,0,3.0,1
2,5,266,0,2,1,7,0,2,1,2,1,2,2,1,0,41326,0,2.0,3
1,12,307,0,2,2,0,0,2,1,1,1,2,1,1,0,41326,0,3.0,4
2,24,266,0,2,1,4,7,2,1,1,1,1,1,1,100,41326,0,11.0,4
2,2,266,0,1,1,2,7,2,1,1,1,2,1,1,10,41326,0,3.0,2
2,24,266,0,2,1,7,0,2,1,1,1,2,1,1,0,41401,0,2.0,3
1,1,307,0,1,2,7,0,2,1,2,2,2,1,3,0,41326,0,17.0,1
2,36,285,0,1,1,0,0,2,2,1,1,2,1,1,0,41401,0,2.0,1
1,1,307,0,2,2,0,0,2,1,3,3,2,1,1,0,41326,0,1.0,3
1,36,109,0,2,4,5,7,2,2,1,1,1,1,1,0,41401,0,1.0,3
1,1,307,0,3,1,7,0,2,1,2,2,3,1,2,80,41336,0,2.0,3
1,4,213,213,1,1,2,3,2,1,3,3,3,1,1,100,41326,0,5.0,3
2,13,299,0,2,6,7,0,2,2,2,1,1,1,1,0,41326,0,1.0,4
2,8,265,0,3,3,4,0,2,2,2,1,2,1,4,0,41326,0,0.0,3
2,5,285,265,2,1,2,7,3,2,2,2,2,1,1,0,41401,0,4.0,3
1,60,179,0,2,5,0,0,2,2,1,1,1,1,1,0,41327,0,2.0,4
1,3,307,0,2,2,4,0,2,1,1,1,1,1,1,0,41326,0,4.0,4
1,2,307,0,2,2,0,0,2,1,1,1,2,1,1,0,41326,0,1.0,4
1,3,141,307,2,2,0,0,2,1,1,1,2,1,1,0,41326,0,5.0,3
2,2,266,0,3,1,2,7,2,1,2,2,2,1,4,0,41401,0,5.0,1
1,6,60,0,2,2,7,0,1,1,1,1,2,1,1,0,41327,0,6.0,2
1,2,307,0,2,1,0,0,2,1,2,1,2,1,1,0,41401,0,6.0,3
2,36,266,0,1,3,7,0,2,1,1,1,1,1,1,250,41326,0,5.0,4
1,60,213,0,1,5,7,0,2,2,3,3,3,1,1,0,41327,0,1.0,3
1,1,307,307,1,1,7,0,2,2,2,1,2,1,1,0,41326,0,4.0,1
1,5,307,0,2,2,0,0,2,1,1,1,3,1,1,0,41326,0,6.0,2
1,2,307,0,2,2,7,0,2,1,2,2,2,1,1,0,41326,1,8.0,3
1,9,307,0,2,2,0,0,2,1,1,2,1,1,1,0,41326,0,1.0,4
1,2,307,0,2,1,2,0,2,1,3,3,2,1,1,0,41326,0,2.0,2
1,2,307,0,2,2,0,0,2,2,2,1,2,1,1,0,41327,0,2.0,4
1,1,307,0,2,2,5,7,2,1,2,1,2,1,1,0,41326,0,11.0,1
2,7,265,265,1,6,7,0,2,2,1,1,1,1,1,100,41326,0,9.0,3
1,2,307,0,1,2,7,0,2,1,1,1,2,1,5,50,41326,0,1.0,4
1,1,307,307,2,1,2,0,2,2,2,1,2,1,1,0,41326,0,1.0,3
1,6,307,0,2,2,0,0,2,1,2,2,2,1,1,0,41401,0,0.0,4
1,2,307,0,2,1,2,0,2,1,1,1,2,1,1,0,41326,0,3.0,4
2,5,266,266,1,6,0,0,1,1,2,2,2,1,1,0,41401,0,3.0,2
1,1,307,0,1,1,2,4,2,2,2,2,2,1,3,0,41326,0,4.0,1
1,5,72,307,2,1,2,7,1,2,1,1,2,1,1,0,41326,0,2.0,2
1,5,307,0,1,2,0,0,2,1,1,1,2,1,1,0,41326,0,4.0,3
1,4,307,0,1,1,2,7,2,1,2,2,2,1,1,0,41401,0,1.0,1
1,3,307,0,2,2,0,0,2,1,2,2,2,1,1,0,41324,0,5.0,1
1,36,307,0,2,1,2,0,2,1,1,1,2,1,2,0,41326,0,17.0,3
1,3,307,0,2,3,0,0,2,1,1,1,1,1,1,0,41401,0,17.0,3
1,2,307,0,1,1,2,0,2,2,1,1,2,1,1,0,41326,0,2.0,3
1,1,307,0,2,1,2,7,2,2,2,1,2,1,1,0,41326,0,2.0,3
1,3,189,307,2,2,5,0,2,1,2,1,2,1,1,0,41327,0,11.0,3
1,5,307,0,1,1,0,0,2,1,1,1,2,1,1,0,41326,1,5.0,4
1,6,179,147,2,1,2,7,1,1,1,1,3,1,1,600,41326,0,4.0,4
2,6,266,0,2,6,7,0,1,1,2,1,2,1,1,0,41326,0,1.0,4
2,5,265,0,1,4,7,0,2,2,1,1,2,1,1,0,41326,0,2.0,4
2,5,266,303,2,1,3,5,2,1,2,1,2,1,1,0,41401,0,15.0,3
2,4,300,0,1,3,7,0,1,1,2,2,2,1,1,0,41326,0,1.0,4
2,12,253,0,1,1,7,0,2,1,1,1,1,2,1,0,41326,0,3.0,4
1,1,307,0,2,1,2,0,2,1,1,1,2,1,1,0,41326,0,5.0,3
1,2,307,0,3,1,2,0,2,1,2,1,2,1,5,0,41326,0,1.0,2
1,5,307,0,2,1,2,5,2,1,1,1,2,1,1,0,41326,0,6.0,4
1,5,200,0,2,2,0,0,2,1,1,1,2,1,1,0,41326,0,11.0,4
1,3,307,0,1,1,0,0,2,1,2,1,2,1,1,0,41326,0,2.0,3
1,1,307,307,3,1,2,0,2,1,2,1,2,2,3,0,41326,0,5.0,1
2,2,266,0,1,1,7,0,2,1,2,1,2,1,1,0,41326,0,5.0,2
1,12,42,0,2,1,7,0,1,1,1,1,1,1,1,250,41326,0,3.0,2
2,4,283,0,2,6,0,0,1,2,2,2,2,1,1,0,41401,0,2.0,4
2,4,252,0,2,4,5,7,2,1,2,2,2,1,2,0,41326,0,1.0,2
1,24,152,60,2,2,0,0,1,1,3,3,3,1,1,0,41326,0,4.0,1
1,7,117,307,2,1,2,0,2,1,1,1,1,1,1,0,41326,0,4.0,2
2,2,266,0,2,7,0,0,1,2,2,2,2,1,1,0,41326,0,1.0,3
2,3,265,0,1,1,0,0,1,2,1,1,2,1,1,0,41326,0,2.0,2
1,2,307,307,2,2,0,0,2,1,2,1,2,1,1,0,41401,0,7.0,2
1,4,307,0,2,2,7,0,2,1,1,1,1,1,1,0,41326,0,2.0,4
1,15,307,0,2,4,7,0,2,1,2,2,1,1,1,0,41327,0,1.0,4
2,6,266,0,1,4,0,0,1,2,2,2,2,1,1,0,41326,0,3.0,4
2,5,265,0,1,3,7,0,1,2,2,1,2,1,1,150,41326,0,30.0,2
2,21,299,0,1,4,7,0,2,1,1,1,1,1,1,0,41326,0,3.0,4
1,60,69,0,1,1,2,0,2,2,1,1,1,2,1,0,41326,0,2.0,2
2,1,254,266,2,7,0,0,1,1,2,2,2,1,3,0,41401,0,1.0,1
1,2,307,0,1,3,5,0,2,1,2,1,2,1,1,0,41326,0,4.0,2
2,1,306,288,1,1,7,0,1,2,2,1,2,1,1,0,41401,0,1.0,2
2,1,292,292,1,5,7,0,1,1,2,2,3,1,2,0,41401,0,1.0,4
2,2,284,0,1,3,5,0,2,2,1,1,2,1,1,0,41326,0,17.0,3
1,3,141,307,2,7,0,0,2,1,1,1,2,1,1,0,41326,0,4.0,2
2,1,254,0,2,1,3,7,1,2,2,1,2,1,1,20,41326,0,2.0,1
2,2,266,266,2,1,2,4,2,2,2,2,2,1,2,0,41401,0,2.0,1
2,3,276,303,2,1,2,4,2,3,2,2,2,1,1,0,41326,0,1.0,2
2,2,265,0,3,1,2,7,2,2,2,2,2,1,4,0,41326,0,5.0,3
1,15,307,0,2,1,0,0,2,1,1,1,1,1,1,0,41401,0,2.0,4
2,12,264,264,2,6,7,0,2,3,2,2,1,1,1,100,41326,0,2.0,4
1,2,307,0,3,1,3,5,2,2,1,2,3,1,8,10,41326,0,7.0,4
2,1,266,0,3,1,7,0,1,1,2,2,2,1,3,0,41326,0,5.0,2
1,3,307,0,2,7,0,0,2,1,1,1,2,1,1,200,41326,0,9.0,2
1,48,307,0,2,7,0,0,2,1,1,1,2,1,1,0,41326,0,2.0,4
1,36,69,0,2,2,0,0,1,2,1,1,1,1,1,0,41326,0,1.0,2
2,0,266,266,1,3,0,0,2,1,2,2,2,1,1,0,41326,0,2.0,1
1,2,26,307,3,1,2,3,2,2,2,2,2,1,8,0,41326,0,15.0,1
2,2,266,0,1,3,7,0,2,2,2,2,2,1,1,0,41326,0,1.0,2
1,1,307,0,1,1,2,0,2,1,2,1,2,1,1,0,41326,0,4.0,2
1,3,307,0,1,2,7,0,2,2,1,1,2,1,1,0,41336,0,3.0,3
1,78,20,0,1,2,5,7,2,2,2,1,2,1,1,0,41401,0,0.0,4
2,2,266,0,2,5,7,0,1,1,2,2,2,1,1,20,41326,1,2.0,1
1,3,307,0,3,1,2,7,2,1,2,2,2,1,4,0,41326,0,4.0,4
2,3,266,0,1,2,0,0,2,1,1,1,2,1,1,100,41326,0,3.0,3
2,0,265,0,1,5,0,0,1,2,2,2,2,1,2,0,41332,0,2.0,0
2,2,266,0,1,1,6,0,2,1,2,1,2,1,1,50,41326,0,5.0,1
1,1,307,0,3,1,2,0,2,1,2,2,2,1,3,0,41326,0,9.0,2
2,4,266,0,2,2,7,0,1,1,2,1,2,1,1,0,41401,0,3.0,1
1,53,205,169,1,2,7,0,1,1,1,1,1,1,1,0,41401,0,2.0,1
1,132,128,0,2,2,7,0,1,2,1,1,1,1,1,0,41326,0,2.0,1
2,2,266,0,2,1,2,7,2,1,2,2,2,1,1,0,41326,0,2.0,2
1,1,307,0,1,1,0,0,2,2,1,1,1,1,1,0,41326,0,3.0,3
2,1,265,0,3,1,0,0,1,2,2,2,2,1,5,0,41324,0,5.0,3
1,3,307,0,1,1,0,0,2,1,2,2,2,1,1,0,41401,0,1.0,3
2,1,264,266,2,1,2,4,1,2,2,2,2,1,1,100,41336,0,2.0,2
2,3,266,0,1,1,7,0,1,1,1,1,2,1,1,0,41332,0,6.0,4
1,2,307,0,2,5,0,0,2,1,3,3,2,1,1,0,41326,0,2.0,2
1,1,307,307,2,1,4,7,2,1,2,2,2,1,1,0,41326,0,1.0,4
1,12,205,0,1,2,7,0,2,2,1,3,3,1,1,0,41326,0,1.0,0
1,72,69,0,1,2,3,0,2,3,3,3,2,1,1,0,41401,0,4.0,2
2,3,292,0,2,2,0,0,1,2,2,1,1,1,1,0,41326,0,1.0,1
2,1,265,0,2,1,6,7,2,2,2,2,2,1,1,0,41326,0,1.0,1
1,2,307,0,2,5,0,0,2,2,3,3,3,1,1,0,41324,0,1.0,4
2,5,265,0,1,6,7,0,2,2,2,2,2,1,1,0,41326,0,5.0,1
1,18,103,0,1,1,2,3,3,2,3,3,3,1,1,0,41401,0,0.0,1
1,36,178,213,1,3,5,0,2,3,1,1,1,1,1,0,41326,0,5.0,3
2,2,266,0,1,6,7,0,1,1,3,3,3,1,1,0,41401,0,7.0,2
2,6,303,250,2,1,2,0,2,1,2,1,1,1,2,0,41327,0,5.0,4
1,3,141,307,1,1,0,0,2,1,2,1,2,1,1,0,41326,0,4.0,2
2,2,299,266,3,3,5,0,2,1,2,2,2,1,2,0,41326,0,7.0,1
2,8,266,0,2,1,2,7,2,1,1,1,1,1,1,0,41401,0,3.0,3
2,1,266,0,2,1,0,0,2,1,2,2,2,1,1,0,41335,0,4.0,1
1,60,307,0,1,2,0,0,2,2,3,3,3,1,1,0,41401,0,4.0,4
1,1,307,307,3,2,5,7,2,2,2,2,1,1,5,0,41326,0,12.0,4
2,1,292,266,3,6,7,0,1,2,2,1,2,1,3,0,41327,0,3.0,2
1,24,205,0,1,1,2,7,2,3,1,1,1,1,1,0,41326,0,1.0,1
1,1,307,0,2,1,0,0,1,1,2,1,2,1,2,0,41401,0,5.0,2
1,2,307,0,3,1,5,7,2,1,2,2,2,1,4,0,41326,0,5.0,4
2,1,265,264,2,1,7,0,2,2,2,2,2,1,1,50,41326,0,6.0,1
2,12,265,0,1,3,7,0,2,2,1,1,2,1,1,100,41401,0,1.0,4
1,4,307,0,2,2,0,0,2,1,1,1,1,1,1,0,41401,0,8.0,4
1,3,307,103,1,1,7,0,2,2,1,1,2,1,1,0,41326,0,5.0,3
1,6,307,0,1,1,0,0,2,1,1,1,2,1,1,0,41326,0,2.0,4
1,3,26,307,1,1,2,7,2,1,1,1,3,1,1,0,41326,0,2.0,1
1,2,307,0,2,2,0,0,2,1,2,1,2,1,1,0,41326,0,2.0,3
1,2,307,0,2,2,3,0,2,2,1,1,2,1,1,100,41326,0,4.0,4
1,1,307,0,1,1,2,0,2,1,3,3,3,1,8,0,41401,0,1.0,4
1,72,231,0,1,7,0,0,2,2,1,1,1,1,1,0,41326,0,1.0,2
1,2,307,0,2,5,7,0,2,1,2,1,2,1,1,0,41401,0,4.0,3
1,8,213,213,2,2,5,7,1,2,2,2,1,1,1,50,41326,0,4.0,4
1,1,307,0,2,5,7,0,3,2,2,2,2,1,1,0,41327,0,2.0,1
1,2,307,0,2,2,7,0,1,1,3,3,3,1,1,0,41401,0,3.0,1
2,6,266,0,1,1,2,0,2,2,2,2,2,2,1,0,41401,0,1.0,4
1,3,307,0,2,1,2,0,2,2,1,1,2,1,1,0,41326,0,2.0,1
1,12,307,0,2,2,5,7,2,1,1,1,1,1,1,0,41401,0,3.0,4
1,24,307,0,1,1,2,7,2,1,1,1,2,1,1,0,41326,0,4.0,3
1,3,307,0,1,2,0,0,2,1,2,2,2,1,1,0,41401,0,2.0,1
1,84,195,0,2,6,7,0,1,3,1,1,1,1,1,250,41326,0,2.0,3
1,18,307,0,1,2,0,0,2,2,1,1,2,1,1,0,41336,0,5.0,4
2,1,266,0,3,1,4,7,2,1,2,2,2,1,5,0,41326,0,1.0,1
2,2,265,0,2,1,4,7,3,2,2,1,3,1,1,40,41326,0,4.0,1
1,4,141,307,2,1,7,0,3,2,1,1,2,1,1,200,41401,0,5.0,4
2,2,279,0,3,1,6,7,1,1,3,3,3,1,3,0,41332,0,2.0,4
2,12,282,0,2,4,7,0,2,2,1,3,2,1,1,0,41401,0,3.0,1
1,8,307,0,2,5,0,0,1,2,3,3,3,1,1,0,41326,0,6.0,4
2,5,300,299,1,1,2,7,2,1,2,2,2,1,2,0,41401,0,2.0,4
2,34,283,0,3,1,5,7,2,2,2,2,2,1,4,0,41327,0,5.0,4
2,3,254,254,3,1,6,0,1,1,2,2,2,1,2,0,41326,0,4.0,4
1,1,307,0,2,2,0,0,2,1,2,2,2,1,1,0,41401,0,1.0,4
2,5,264,265,3,3,0,0,2,2,2,1,2,1,2,0,41401,0,3.0,3
1,9,307,0,1,2,7,0,2,1,1,1,2,1,1,0,41326,0,1.0,3
1,50,307,0,1,2,0,0,2,1,1,1,2,1,1,0,41326,0,0.0,2
2,6,299,0,2,6,7,0,2,1,1,1,1,1,1,200,41336,0,8.0,4
1,3,307,0,2,2,0,0,2,1,2,1,3,1,1,0,41326,0,2.0,4
1,36,307,0,1,5,0,0,1,2,3,3,2,1,1,0,41401,0,1.0,1
1,18,189,141,1,2,0,0,3,1,1,1,2,1,1,0,41401,0,1.0,4
2,12,266,0,2,1,7,0,2,1,3,3,3,1,1,0,41326,0,3.0,2
2,14,265,0,1,1,5,7,3,2,1,1,2,1,1,0,41326,0,5.0,1
1,2,307,0,1,1,2,0,2,1,1,1,2,1,1,0,41326,0,2.0,2
1,1,307,0,3,1,2,0,2,1,2,2,2,1,6,0,41326,0,1.0,2
1,2,307,0,1,2,0,0,2,2,1,1,2,1,1,0,41326,0,1.0,3
2,2,265,0,3,1,4,7,2,2,3,3,3,1,4,0,41401,0,4.0,2
1,1,307,307,1,2,0,0,2,2,1,1,2,1,1,0,41326,0,1.0,3
2,2,266,0,3,1,6,0,2,1,2,2,2,1,5,0,41326,0,5.0,3
2,2,265,0,2,5,0,0,1,2,2,1,2,1,1,0,41326,0,1.0,2
1,48,307,218,1,1,0,0,1,2,1,3,1,2,1,0,41326,0,1.0,3
1,1,307,26,2,1,2,0,3,2,1,1,2,1,1,0,41326,0,4.0,2
2,41,266,0,1,6,0,0,3,1,1,1,1,1,1,0,41401,0,5.0,1
2,12,265,0,1,1,7,0,2,2,1,1,2,1,1,0,41401,0,1.0,2
1,4,307,0,1,1,7,0,2,1,1,1,1,1,1,0,41326,0,2.0,4
1,3,18,307,2,2,7,0,2,1,3,3,2,1,1,0,41326,0,4.0,3
2,36,266,303,2,1,3,7,2,1,1,1,1,1,1,0,41326,0,5.0,2
2,48,285,276,3,1,5,7,2,3,1,1,1,1,2,0,41326,0,2.0,2
1,4,307,0,2,5,0,0,2,2,2,1,2,1,1,0,41326,0,4.0,4
1,15,307,0,1,1,2,7,2,1,1,1,1,1,1,0,41326,0,1.0,4
2,1,265,266,2,1,2,7,1,1,2,2,2,1,1,0,41401,0,5.0,1
1,36,231,307,2,7,0,0,1,3,3,3,1,1,1,200,41336,0,3.0,3
2,11,306,0,1,1,7,0,2,1,1,1,1,1,1,0,41326,0,7.0,4
2,5,288,266,1,1,6,7,2,1,2,1,2,1,1,0,41401,0,1.0,2
1,3,307,0,2,1,2,0,2,1,1,1,2,1,1,0,41326,0,3.0,4
1,1,307,0,3,2,0,0,2,1,2,2,2,1,7,0,41326,0,18.0,2
2,0,266,0,1,1,0,0,1,1,2,2,2,1,1,0,41326,0,1.0,2
1,18,307,218,1,2,7,0,2,2,1,1,1,1,1,50,41326,0,5.0,3
1,1,307,0,3,2,7,0,2,1,2,2,2,1,3,0,41326,0,5.0,1
1,2,307,0,2,1,0,0,1,1,2,1,3,1,1,0,41326,0,4.0,1
1,2,307,0,3,1,2,7,2,1,2,2,2,1,5,0,41326,2,10.0,3
2,4,266,0,1,3,5,7,1,1,2,1,2,1,1,0,41326,0,3.0,2
1,3,307,0,1,7,0,0,2,1,2,2,2,1,1,0,41326,0,1.0,4
1,2,307,0,2,1,2,7,2,1,2,2,2,1,1,20,41327,0,1.0,3
1,60,189,0,2,1,2,0,3,1,1,1,1,1,1,500,41326,1,4.0,3
1,4,307,0,3,1,3,5,2,1,1,1,2,1,4,0,41401,0,4.0,2
1,2,307,0,1,1,2,5,3,1,1,1,2,1,3,0,41326,0,4.0,4
1,2,307,0,2,1,2,7,2,1,2,2,2,1,1,0,41326,0,7.0,2
1,3,307,0,1,2,0,0,2,1,1,1,2,1,1,0,41326,0,3.0,4
2,1,266,0,1,1,7,0,1,1,2,2,2,1,1,0,41326,0,7.0,1
1,2,307,0,1,2,7,0,1,1,3,3,3,1,1,0,41326,0,1.0,4
2,10,292,264,3,2,3,5,2,3,2,2,2,1,3,0,41401,0,4.0,1
1,2,307,0,2,2,7,0,2,1,2,2,2,1,1,0,41326,2,6.0,3
1,3,307,0,1,5,0,0,2,1,2,1,2,1,1,0,41326,3,30.0,2
1,3,307,0,2,2,0,0,2,1,1,1,2,1,1,0,41401,0,7.0,3
1,2,307,0,3,1,2,7,2,1,3,3,3,1,8,0,41327,0,2.0,4
2,3,266,0,2,6,7,0,1,1,2,2,2,1,1,0,41336,0,5.0,3
1,12,307,0,1,1,0,0,2,1,2,2,2,1,1,0,41326,0,1.0,4
1,5,307,0,2,1,2,0,2,1,1,1,2,1,1,0,41401,0,0.0,4
1,2,307,307,2,5,0,0,2,2,2,2,2,1,2,0,41326,0,0.0,4
2,2,266,0,1,1,7,0,2,2,2,1,2,1,1,0,41326,0,4.0,3
2,3,266,0,2,4,7,0,2,1,2,2,2,1,1,0,41336,0,5.0,3
2,0,265,0,3,1,2,7,1,1,2,2,2,1,2,0,41326,0,4.0,1
2,2,266,268,2,1,7,0,1,1,2,1,2,1,1,0,41326,0,4.0,0
2,6,266,0,2,1,2,7,2,2,1,1,1,1,1,0,41336,0,7.0,1
2,1,266,0,3,1,2,7,1,1,3,3,3,1,3,0,41326,0,5.0,1
2,2,265,0,2,1,6,7,2,2,2,1,2,2,1,0,41326,0,3.0,3
2,3,243,0,2,1,3,7,1,2,1,1,1,1,1,0,41332,0,5.0,3
2,4,266,0,3,3,7,0,2,1,2,1,2,1,2,0,41326,0,13.0,2
1,2,42,205,2,1,7,0,1,2,1,1,2,1,1,350,41326,1,9.0,1
2,4,266,0,1,1,7,0,2,1,1,1,3,1,1,0,41332,0,4.0,2
2,2,266,0,2,3,0,0,2,1,1,1,2,1,1,0,41401,0,2.0,1
2,12,303,303,2,2,4,5,1,2,1,1,2,1,1,0,41326,0,1.0,1
2,12,283,0,2,2,5,7,1,1,1,1,1,1,1,0,41401,0,1.0,4
1,1,307,0,2,1,2,0,2,2,2,2,2,1,1,0,41330,0,3.0,2
1,6,179,0,1,2,0,0,1,2,1,1,2,1,1,350,41401,0,1.0,1
1,1,307,0,3,1,2,7,2,1,2,2,2,1,5,0,41401,0,15.0,1
2,2,254,0,3,1,4,7,2,2,2,2,2,1,2,0,41326,0,5.0,0
1,9,307,0,1,2,7,0,2,1,2,1,2,1,1,0,41326,0,2.0,4
1,3,307,0,2,5,0,0,2,1,2,1,2,1,1,0,41327,0,10.0,3
2,2,266,0,3,1,2,6,1,1,2,2,2,1,3,0,41326,0,2.0,2
1,2,307,0,2,1,0,0,2,2,1,1,2,1,1,0,41326,0,3.0,1
1,4,307,141,2,1,0,0,2,1,1,1,1,1,1,0,41401,0,2.0,3
2,2,266,266,3,1,4,7,1,1,2,1,2,1,5,0,41332,0,7.0,4
1,2,307,0,3,1,7,0,2,1,2,1,3,1,2,0,41326,0,5.0,3
1,2,152,307,3,1,3,0,1,1,2,2,2,1,2,0,41326,0,6.0,1
2,3,299,0,2,3,0,0,2,1,2,1,2,1,1,0,41326,0,9.0,2
1,73,189,0,1,1,2,0,3,2,1,1,2,1,1,0,41326,0,1.0,2
1,13,205,0,2,1,7,0,2,2,1,1,2,1,1,0,41401,0,1.0,2
1,3,307,0,3,1,0,0,2,1,2,2,2,1,2,0,41336,0,3.0,2
1,1,307,0,1,2,6,7,2,1,2,2,2,1,1,50,41326,1,4.0,3
1,84,147,218,1,7,0,0,1,2,1,1,2,1,1,0,41336,0,3.0,1
2,12,285,288,2,2,5,6,3,3,1,1,2,1,1,250,41326,0,1.0,2
1,48,307,0,1,1,0,0,2,1,3,3,3,1,1,0,41326,0,4.0,4
2,3,265,0,1,1,6,0,2,2,2,1,2,1,1,0,41326,0,1.0,4
2,2,285,0,2,3,0,0,3,3,2,1,2,1,1,750,41326,0,5.0,2
2,18,265,0,1,7,0,0,2,2,1,1,1,1,1,0,41401,0,5.0,2
2,24,264,0,1,1,7,0,2,3,1,1,2,1,1,200,41326,0,1.0,1
1,2,307,0,2,2,0,0,2,1,2,1,2,1,1,80,41326,0,1.0,2
1,6,307,0,2,1,3,7,2,2,1,1,1,1,1,0,41326,0,4.0,3
2,24,266,0,1,2,7,0,2,1,1,1,2,1,1,0,41401,0,4.0,3
2,3,264,266,3,3,7,0,2,3,2,2,2,1,4,0,41326,0,5.0,2
1,3,218,307,1,2,7,0,2,1,2,1,2,1,1,0,41326,0,5.0,2
2,2,266,0,2,6,7,0,2,1,2,1,2,1,1,50,41326,0,2.0,3
1,2,307,307,2,1,2,0,2,1,2,2,2,1,2,0,41326,0,2.0,4
1,4,307,307,1,1,2,4,2,2,1,1,2,1,1,0,41326,0,5.0,3
1,2,307,0,2,1,0,0,2,2,2,2,2,1,1,0,41326,0,1.0,2
1,3,307,0,2,2,0,0,2,1,1,1,2,1,1,0,41326,0,3.0,1
1,1,307,0,1,1,2,5,2,1,2,2,2,1,1,0,41326,0,12.0,3
1,1,307,0,2,1,2,6,2,2,2,2,2,1,2,0,41327,0,5.0,2
1,18,179,179,1,2,0,0,2,3,3,3,1,1,1,0,41401,0,4.0,1
2,1,307,0,1,1,7,0,1,1,2,2,3,1,1,0,41326,0,2.0,4
1,2,218,307,2,3,0,0,2,1,1,1,2,1,1,0,41401,0,5.0,2
2,3,292,276,2,1,2,0,1,3,2,2,2,1,1,0,41336,0,4.0,1
1,84,20,0,2,1,2,7,2,1,1,1,1,1,1,0,41326,0,4.0,3
1,36,307,117,3,1,3,0,3,1,1,1,1,1,2,0,41326,0,5.0,4
1,15,109,0,2,3,0,0,3,3,2,2,3,1,1,0,41326,0,1.0,0
2,4,266,266,3,1,2,7,2,1,1,2,2,1,2,0,41326,0,0.0,4
2,6,265,0,1,3,0,0,2,2,2,2,2,1,1,50,41326,0,5.0,1
2,3,264,0,3,1,2,3,1,3,2,2,2,1,3,150,41326,0,4.0,2
1,12,179,0,1,2,0,0,1,2,1,1,2,1,1,0,41326,1,4.0,3
2,1,266,0,1,1,6,7,1,1,2,2,2,1,1,0,41326,0,6.0,1
2,15,266,266,3,4,5,7,2,1,3,3,3,1,2,0,41326,0,4.0,2
1,2,307,0,1,1,2,0,2,2,1,1,2,1,1,0,41330,0,1.0,0
1,4,307,0,1,1,0,0,1,1,2,2,2,1,1,0,41336,0,4.0,3
1,30,213,307,2,2,7,0,2,1,1,1,1,1,1,0,41327,0,2.0,3
2,13,292,285,1,5,7,0,3,1,1,1,2,1,1,0,41327,0,6.0,1
1,2,307,0,3,2,5,7,2,1,3,1,2,1,9,0,41401,0,1.0,4
2,16,265,0,2,1,7,0,2,2,2,1,2,1,1,0,41326,0,1.0,2
1,72,109,0,1,4,5,0,2,2,3,3,3,1,1,0,41326,0,3.0,1
1,1,307,0,3,1,5,7,3,1,2,2,1,1,4,0,41336,0,4.0,1
2,28,292,0,1,2,0,0,3,2,2,2,3,3,1,0,41330,0,0.0,4
1,6,307,0,2,2,0,0,2,1,2,2,1,1,1,0,41401,0,4.0,2
1,3,307,0,1,1,2,0,2,2,1,1,3,1,1,0,41401,0,3.0,2
2,2,266,0,3,1,3,7,2,1,2,1,2,1,3,50,41401,0,12.0,2
1,6,307,0,1,7,0,0,2,1,1,1,1,1,1,0,41326,0,2.0,3
2,1,266,0,1,3,7,0,1,1,2,1,2,1,1,0,41401,0,5.0,1
2,12,266,292,2,2,0,0,2,1,1,1,1,1,1,0,41326,0,4.0,3
2,7,266,0,1,1,2,0,2,1,2,2,2,1,2,0,41401,0,5.0,4
1,4,307,0,1,1,0,0,2,1,2,1,2,1,1,0,41326,0,4.0,3
1,1,307,0,1,1,0,0,2,1,1,1,2,1,1,0,41326,0,7.0,3
2,3,265,0,3,2,4,7,2,2,2,2,2,1,3,0,41326,0,2.0,3
1,4,307,0,2,1,7,0,2,1,1,1,1,1,1,0,41330,0,11.0,3
2,3,266,0,2,2,0,0,1,1,2,1,2,1,1,0,41401,0,2.0,2
2,7,266,0,1,2,7,0,3,1,2,2,2,1,2,0,41401,0,3.0,4
2,1,265,0,1,1,4,7,2,2,2,2,2,1,1,0,41326,0,1.0,2
2,10,266,0,1,2,0,0,3,1,3,3,3,1,1,0,41332,0,2.0,2
2,24,264,0,2,1,2,4,2,3,3,3,3,1,1,0,41401,0,1.0,4
2,18,299,265,3,1,6,7,2,2,2,1,2,1,3,0,41326,0,4.0,1
2,2,266,0,2,7,0,0,2,1,2,2,2,1,1,0,41401,0,2.0,4
1,5,307,128,2,1,2,7,2,1,1,1,2,1,1,0,41326,0,2.0,2
1,4,205,0,1,2,5,6,1,3,3,1,2,1,1,500,41326,0,3.0,4
2,6,266,0,3,5,6,7,2,2,2,1,2,1,2,0,41401,0,5.0,1
2,2,264,0,2,6,7,0,2,3,1,1,2,1,2,0,41401,0,5.0,1
1,3,307,0,1,2,0,0,2,2,3,1,3,1,1,0,41401,0,7.0,4
2,29,285,264,2,3,4,7,2,3,2,1,1,1,1,160,41326,2,19.0,3
1,37,307,0,2,1,7,0,2,1,1,1,1,1,1,80,41326,1,5.0,3
2,4,266,0,2,6,0,0,1,1,2,1,1,1,1,0,41401,0,5.0,3
2,2,241,264,2,5,6,7,2,3,2,1,2,1,1,0,41326,0,6.0,1
1,15,307,0,2,2,0,0,2,2,1,1,1,1,1,0,41326,0,2.0,4
2,4,264,285,2,2,0,0,2,3,2,1,2,1,1,650,41326,0,6.0,2
1,1,307,0,1,2,0,0,2,1,2,2,2,1,1,20,41327,0,1.0,2
2,24,284,292,3,1,6,7,1,2,2,1,2,1,4,0,41326,0,3.0,3
1,3,102,307,2,1,2,0,2,2,2,2,2,1,1,0,41401,0,2.0,2
2,1,265,0,2,1,7,0,1,1,2,2,2,1,1,0,41326,0,3.0,3
1,27,76,0,2,1,7,0,3,1,1,1,2,1,1,100,41326,0,1.0,4
2,3,266,0,3,1,6,7,1,1,2,2,2,1,2,0,41326,0,5.0,4
2,7,266,0,2,1,2,7,2,1,1,1,2,1,2,0,41326,0,5.0,4
2,7,266,0,3,2,0,0,2,1,3,1,2,1,3,0,41326,0,5.0,4
1,1,307,0,2,1,2,0,2,1,2,2,2,1,2,0,41326,0,5.0,4
2,1,266,0,3,1,5,0,1,1,2,2,2,1,2,50,41326,0,1.0,1
2,8,283,0,1,3,7,0,2,1,1,1,2,1,1,50,41326,0,5.0,4
1,2,307,0,1,1,2,0,3,1,3,3,2,1,1,0,41326,0,2.0,2
1,2,141,307,2,3,5,0,2,2,1,1,2,1,1,0,41326,0,5.0,1
1,24,307,0,2,2,7,0,2,1,1,1,1,1,1,0,41326,0,1.0,4
1,3,307,0,2,1,2,0,2,1,1,1,2,1,1,0,41401,0,3.0,2
1,9,307,39,2,2,7,0,3,2,1,1,1,1,1,200,41326,0,5.0,2
1,24,307,0,1,2,7,0,3,2,3,3,3,2,4,0,41401,0,1.0,3
2,4,266,0,2,1,4,7,1,1,2,2,2,1,1,0,41326,0,5.0,4
2,1,299,0,2,1,7,0,2,2,2,2,2,1,1,0,41326,0,1.0,2
1,24,307,0,2,1,0,0,3,1,1,1,1,1,1,0,41326,0,14.0,4
2,2,265,299,1,2,6,7,2,2,1,1,3,1,1,0,41401,0,14.0,4
1,60,173,0,1,6,0,0,3,1,1,3,1,1,1,0,41332,0,2.0,4
1,2,307,0,3,2,5,0,2,1,1,1,2,1,3,50,41326,0,0.0,4
2,72,266,0,2,1,2,7,3,1,1,1,1,1,1,0,41326,0,1.0,4
2,2,266,0,2,1,4,7,1,1,2,2,2,1,2,0,41326,0,5.0,3
1,1,307,0,1,1,7,0,2,2,2,2,2,1,1,0,41327,0,3.0,1
2,1,265,0,2,1,3,7,2,2,2,2,2,1,1,0,41401,0,5.0,1
1,1,307,307,2,2,0,0,2,1,1,1,2,1,1,0,41326,2,24.0,2
1,48,307,0,3,2,0,0,2,1,1,1,2,1,2,0,41401,0,1.0,4
2,2,266,0,1,2,3,5,1,1,2,2,2,1,1,0,41326,0,8.0,1
2,0,266,266,3,2,3,7,1,2,1,1,2,1,4,0,41326,0,0.0,3
1,84,141,0,1,5,0,0,3,2,3,3,3,1,1,0,41401,0,2.0,2
1,1,307,0,2,1,2,0,1,1,2,2,2,1,2,0,41326,0,4.0,4
2,12,266,289,1,6,0,0,2,1,1,1,1,1,1,50,41401,0,3.0,4
1,3,307,0,1,2,0,0,2,1,3,3,2,1,1,0,41326,0,2.0,3
2,3,266,0,2,1,7,0,2,2,2,2,2,1,1,0,41401,0,5.0,1
1,5,307,0,1,1,2,0,2,1,1,1,1,1,1,0,41326,0,1.0,2
1,1,307,0,3,1,2,5,3,2,2,2,2,1,6,30,41401,0,4.0,3
1,48,69,0,2,3,5,0,2,3,3,3,3,2,1,0,41401,0,1.0,3
1,9,307,0,2,4,5,0,2,1,2,1,2,1,1,250,41326,0,6.0,4
1,30,76,307,1,1,7,0,2,1,1,1,1,1,1,0,41326,0,3.0,3
1,1,307,307,1,3,0,0,2,2,1,1,2,1,1,0,41326,0,1.0,3
2,2,266,299,3,1,2,7,2,1,2,2,2,1,3,0,41326,0,2.0,1
2,2,266,0,1,1,7,0,1,1,2,2,2,1,1,10,41326,0,3.0,4
1,4,205,179,2,1,7,0,1,2,1,1,2,1,1,200,41401,0,4.0,1
1,5,307,0,2,2,3,4,2,1,1,1,3,1,1,0,41326,0,3.0,4
1,1,307,0,2,1,7,0,2,2,2,2,2,1,1,20,41327,0,1.0,2
1,1,307,0,1,2,0,0,2,1,2,1,2,1,1,0,41401,0,1.0,3
2,3,266,0,3,2,7,0,1,2,3,3,3,1,6,0,41401,0,5.0,3
1,24,307,0,2,1,0,0,2,1,1,1,1,1,1,0,41326,0,1.0,4
1,10,307,103,1,2,0,0,2,2,1,2,2,1,1,0,41401,0,1.0,2
2,3,292,299,1,2,5,7,1,1,1,1,2,1,1,0,41326,0,3.0,0
1,2,307,0,2,1,2,0,2,2,1,1,2,1,1,0,41326,0,5.0,2
1,4,307,307,1,2,7,0,2,2,3,3,3,1,1,0,41326,0,1.0,2
1,4,307,307,1,2,0,0,2,2,1,1,2,1,1,0,41326,0,2.0,2
2,0,266,0,1,1,0,0,1,1,2,2,2,1,1,0,41326,0,2.0,4
2,3,283,0,1,4,7,0,2,1,1,1,2,1,1,0,41401,0,5.0,1
2,12,265,0,1,1,0,0,3,2,2,2,3,1,1,0,41326,0,2.0,3
1,42,307,0,1,2,0,0,3,1,2,2,2,2,1,0,41327,0,3.0,4
1,1,307,307,1,2,0,0,2,1,2,2,2,1,1,0,41327,0,1.0,1
1,10,307,0,2,2,7,0,1,1,1,1,3,1,1,0,41326,0,5.0,2
1,1,307,0,2,1,2,0,2,2,2,2,2,1,1,0,41327,0,6.0,2
1,5,307,0,2,2,7,0,2,1,1,1,1,1,1,0,41326,0,5.0,3
1,24,307,0,1,5,0,0,2,2,3,3,1,1,20,0,41332,0,1.0,1
2,7,266,0,2,2,7,0,2,1,2,2,2,1,1,0,41326,0,3.0,1
1,2,307,0,3,2,0,0,2,1,2,1,2,1,2,0,41326,0,4.0,3
2,3,265,0,3,5,6,7,2,2,2,2,2,1,3,0,41401,0,5.0,2
1,36,307,0,2,3,7,0,2,1,1,1,1,1,1,250,41326,3,30.0,4
1,1,307,0,2,2,0,0,2,1,2,1,2,1,1,0,41332,0,2.0,3
2,4,266,0,1,6,7,0,2,1,2,2,2,1,1,0,41326,0,7.0,2
2,2,265,0,1,2,0,0,3,2,2,1,3,1,1,0,41326,0,2.0,0
1,1,307,307,1,2,3,5,2,2,2,2,2,1,1,0,41327,0,1.0,2
2,2,266,0,1,1,7,0,2,1,2,1,2,1,1,0,41401,0,2.0,2
1,60,307,0,1,1,3,0,2,1,3,3,3,1,1,0,41401,0,3.0,4
1,1,307,0,2,1,2,0,2,1,2,1,2,1,2,0,41326,0,7.0,3
2,3,265,0,1,2,5,7,1,2,2,2,1,1,1,160,41326,0,8.0,1
1,2,307,307,2,1,0,0,2,2,2,1,2,1,1,0,41326,0,5.0,2
2,0,266,299,1,1,6,7,2,1,2,2,2,1,1,0,41401,0,10.0,1
2,4,266,0,1,6,7,0,1,1,2,2,2,1,1,0,41401,0,5.0,4
1,4,307,0,2,2,7,0,2,1,1,1,2,1,1,0,41326,0,1.0,0
2,84,266,0,2,7,0,0,2,1,1,1,1,1,1,0,41326,0,4.0,4
1,12,307,0,2,2,0,0,2,1,3,3,3,1,1,0,41401,0,3.0,4
1,2,307,0,1,2,5,7,2,2,2,1,2,1,1,100,41326,0,2.0,1
1,2,307,0,1,1,2,0,2,1,2,2,2,1,1,20,41327,0,1.0,2
2,12,299,0,1,4,5,7,2,1,2,2,1,1,1,200,41326,0,1.0,4
1,1,307,0,3,1,2,0,1,1,2,2,3,1,6,0,41332,0,0.0,4
2,36,266,0,1,1,7,0,3,2,3,1,1,1,1,0,41401,0,5.0,4
2,7,266,0,1,7,0,0,1,1,1,1,1,1,1,30,41326,0,4.0,4
1,5,307,0,2,2,5,7,2,1,1,1,2,1,2,0,41326,0,3.0,2
1,8,307,0,3,1,2,5,2,1,1,1,2,1,2,0,41326,0,8.0,4
2,6,266,0,2,2,7,0,1,1,1,1,1,1,1,30,41401,0,1.0,3
1,12,307,0,1,5,0,0,2,1,1,1,1,1,1,0,41326,0,1.0,4
1,12,205,0,1,1,2,7,2,1,1,1,2,1,1,0,41330,0,1.0,1
2,60,265,0,1,5,6,7,3,2,1,1,1,1,1,0,41401,0,8.0,3
2,2,292,266,3,2,5,7,2,1,2,2,2,1,2,0,41401,0,3.0,1
1,24,307,0,2,1,2,0,2,2,1,1,1,1,1,0,41401,0,1.0,2
2,24,292,265,3,2,6,7,2,2,1,1,1,1,2,0,41401,0,5.0,0
2,9,254,0,2,1,4,7,2,2,1,1,2,1,1,0,41332,0,4.0,2
2,2,266,0,1,1,0,0,2,2,1,1,2,1,1,0,41335,0,4.0,1
2,9,266,0,1,2,0,0,1,1,1,1,1,1,2,50,41401,0,1.0,3
1,2,307,307,1,1,2,0,2,2,2,1,2,1,1,0,41326,0,3.0,2
2,36,254,0,2,1,4,7,1,1,1,1,1,1,1,0,41401,0,7.0,3
2,14,265,283,1,1,2,7,3,2,1,1,1,1,1,10,41326,0,1.0,4
1,3,307,0,1,2,7,0,2,1,3,3,3,1,1,0,41401,0,1.0,4
2,1,265,264,1,5,7,0,1,2,2,2,2,1,1,0,41401,0,5.0,2
1,48,207,0,1,1,2,3,1,2,1,1,1,1,1,0,41401,0,3.0,3
1,2,307,0,2,1,0,0,2,1,2,2,2,1,1,0,41326,0,5.0,4
2,24,249,0,2,1,2,7,2,2,3,3,3,1,1,0,41401,0,3.0,2
2,4,246,264,2,6,0,0,2,3,2,1,2,1,1,0,41401,0,3.0,2
1,18,39,141,2,4,5,7,2,2,2,1,1,1,1,100,41401,0,2.0,3
2,5,303,254,3,1,4,7,1,1,1,1,2,1,4,0,41326,0,8.0,2
1,1,307,0,2,1,2,7,2,3,2,2,2,2,1,0,41326,0,5.0,2
1,1,307,0,3,1,2,0,2,1,2,1,2,1,2,0,41326,0,4.0,1
2,3,265,0,1,4,5,7,2,2,2,2,2,1,1,0,41401,0,2.0,1
1,2,307,0,1,5,7,0,2,2,2,2,2,1,3,20,41326,0,1.0,1
1,48,307,0,1,1,2,0,2,1,2,3,2,1,1,0,41327,0,2.0,3
2,4,265,265,3,1,6,0,2,2,2,2,2,1,4,0,41326,0,1.0,4
2,180,265,0,1,1,7,0,2,2,1,1,1,1,1,0,41326,0,1.0,3
1,3,307,0,1,1,7,0,2,2,1,1,3,1,1,0,41326,0,3.0,4
1,1,307,0,2,1,2,0,2,2,1,1,2,1,1,0,41326,0,3.0,1
1,3,307,0,1,2,0,0,2,2,1,1,3,1,1,0,41324,0,1.0,1
2,4,265,279,1,1,0,0,2,2,1,1,2,1,1,100,41326,0,4.0,3
1,2,307,0,3,1,2,7,2,1,2,2,2,1,4,0,41325,1,1.0,4
1,48,307,307,2,1,0,0,2,1,2,2,2,1,1,0,41401,0,4.0,4
1,2,307,0,2,2,3,0,2,2,3,3,3,1,1,0,41326,0,2.0,2
1,1,307,0,1,2,0,0,2,1,2,2,2,1,1,0,41326,0,1.0,4
2,10,266,0,1,1,7,0,2,1,1,1,1,1,1,0,41336,0,7.0,4
2,6,266,0,1,1,5,6,2,1,2,1,2,1,1,0,41326,0,12.0,4
2,1,282,0,1,1,6,0,2,2,1,1,2,1,1,0,41326,0,1.0,1
1,54,179,205,1,7,0,0,2,2,1,1,1,1,1,0,41326,0,2.0,2
2,24,265,0,1,3,7,0,2,1,2,2,3,2,1,0,41401,0,3.0,4
1,1,307,0,2,5,0,0,2,2,2,2,2,1,1,0,41326,0,3.0,1
1,8,307,128,1,2,7,0,3,2,1,1,1,1,1,0,41326,0,3.0,4
2,16,264,265,1,7,0,0,3,2,2,1,1,1,2,150,41367,0,3.0,4
1,6,103,307,2,1,2,0,2,2,2,1,1,1,1,200,41326,0,2.0,2
1,1,307,307,3,1,2,7,2,1,3,3,3,1,2,250,41401,0,10.0,2
1,2,307,307,1,1,2,7,2,1,2,2,2,1,1,0,41326,0,1.0,4
2,14,265,265,2,4,6,7,2,2,2,1,2,1,1,0,41401,0,4.0,2
2,4,285,266,3,1,2,6,2,2,2,2,2,1,6,0,41326,0,12.0,2
2,3,266,245,2,1,7,0,1,1,2,1,2,1,1,0,41327,0,4.0,1
2,12,285,0,2,6,0,0,2,3,2,2,2,1,1,200,41336,0,3.0,4
2,2,265,0,3,1,3,0,1,2,2,2,2,1,3,0,41335,0,1.0,3
1,38,26,0,1,1,2,3,2,1,1,1,1,1,1,0,41326,0,13.0,1
2,5,266,0,1,1,7,0,1,1,1,1,2,1,1,0,41327,0,2.0,3
1,12,39,307,2,2,7,0,2,2,1,1,1,1,1,0,41326,0,3.0,2
2,5,247,0,2,1,5,0,1,1,2,2,2,1,1,0,41326,0,1.0,1
1,3,307,0,3,1,0,0,2,1,2,2,2,1,2,0,41326,0,2.0,4
1,4,141,307,1,1,0,0,2,1,1,1,1,1,1,0,41326,0,11.0,2
1,20,307,0,1,2,0,0,2,1,1,1,1,1,1,0,41327,0,2.0,3
2,2,266,0,3,1,4,0,2,1,1,1,2,1,4,0,41336,0,4.0,2
1,5,307,0,2,7,0,0,2,1,1,1,2,1,1,0,41326,0,6.0,4
2,1,299,299,2,1,2,7,2,1,2,2,2,1,1,0,41326,0,3.0,2
2,2,266,0,3,1,4,7,1,1,2,2,2,1,3,0,41326,0,8.0,2
2,24,266,0,1,2,0,0,2,1,2,1,1,1,1,0,41324,0,4.0,3
1,2,307,0,2,2,7,0,2,2,1,1,2,1,1,0,41326,0,3.0,2
1,12,307,0,2,7,0,0,2,1,1,2,1,1,4,0,41326,0,14.0,4
2,3,266,0,1,1,4,6,1,1,2,2,2,1,5,100,41326,0,5.0,4
2,11,243,299,1,4,5,7,2,2,2,1,2,1,1,0,41401,0,3.0,3
2,1,265,0,1,1,6,7,2,2,2,1,2,1,1,0,41326,0,6.0,2
1,13,307,0,1,2,0,0,2,2,1,1,2,1,1,0,41326,0,4.0,1
2,5,266,266,3,4,6,7,2,1,2,2,1,1,3,0,41326,0,3.0,4
1,1,307,307,1,5,0,0,2,2,2,2,2,1,1,0,41326,0,4.0,1
1,3,307,103,2,1,0,0,2,2,1,1,2,1,1,0,41326,0,5.0,2
2,24,266,0,3,2,7,0,3,1,2,1,2,1,4,0,41326,0,5.0,1
2,72,288,285,3,2,3,7,2,2,1,1,1,1,2,0,41326,0,2.0,1
2,16,266,0,1,1,7,0,2,1,1,1,1,1,2,500,41401,0,3.0,4
1,12,307,0,1,3,0,0,2,1,2,1,2,1,1,0,41330,1,6.0,4
1,72,179,0,1,2,5,0,1,2,1,1,1,1,1,200,41326,0,2.0,2
1,24,49,307,2,1,5,7,2,2,1,2,1,1,1,50,41327,0,2.0,2
1,4,307,307,2,1,2,0,2,1,3,3,3,1,2,0,41326,0,5.0,2
1,12,307,0,2,5,7,0,2,1,1,1,1,1,1,0,41326,0,5.0,3
1,1,307,307,3,1,2,7,1,2,2,2,2,1,5,0,41326,0,5.0,4
1,2,218,307,3,2,5,7,2,1,2,1,2,1,6,0,41326,0,6.0,1
1,84,141,0,1,1,0,0,3,1,3,3,3,1,1,0,41326,0,1.0,3
1,24,141,307,1,5,0,0,3,1,2,1,2,2,1,0,41401,0,4.0,4
2,1,266,266,3,1,4,7,2,1,2,2,2,1,2,0,41401,0,3.0,1
1,1,307,307,2,1,0,0,2,2,2,2,2,1,2,0,41327,0,9.0,4
2,3,266,0,2,1,4,7,2,1,2,1,1,1,1,0,41401,0,1.0,2
2,12,292,0,2,2,5,0,2,2,1,1,2,1,1,0,41332,0,3.0,3
1,72,205,207,1,1,6,7,1,3,1,1,1,1,1,200,41326,0,9.0,2
2,1,266,0,2,2,4,0,1,1,2,2,2,1,1,0,41326,0,6.0,2
1,3,307,0,1,1,0,0,2,1,2,1,2,1,1,0,41401,0,7.0,4
1,12,307,0,3,2,0,0,2,2,3,3,3,1,4,0,41401,0,7.0,4
1,2,307,0,2,4,0,0,2,2,2,1,2,1,1,0,41330,0,1.0,4
1,7,237,218,1,5,0,0,2,2,1,1,1,1,1,250,41326,0,3.0,4
1,12,307,0,1,1,0,0,2,1,2,2,2,1,1,0,41326,0,1.0,3
2,2,299,0,3,1,6,7,2,1,2,1,2,1,2,0,41401,0,7.0,3
1,2,307,0,2,1,2,5,2,1,2,1,2,1,1,0,41401,0,3.0,3
1,2,307,103,2,1,2,0,3,2,1,1,2,1,1,0,41326,0,5.0,1
2,4,266,0,2,5,0,0,1,1,2,2,2,2,1,0,41326,0,1.0,4
1,2,307,0,2,1,2,5,2,2,1,1,2,1,3,0,41326,0,8.0,3
2,4,265,0,2,1,4,7,3,2,2,2,3,1,1,0,41326,0,2.0,2
1,24,307,0,2,5,0,0,2,3,1,1,1,1,1,0,41326,0,1.0,4
2,1,265,0,1,1,2,5,2,2,1,1,1,1,1,0,41401,0,1.0,2
1,2,307,0,2,1,2,5,2,2,2,2,2,1,5,0,41326,0,5.0,3
2,3,266,0,1,1,0,0,2,2,1,1,2,1,1,0,41326,0,5.0,3
1,5,307,0,1,2,5,0,2,2,1,1,2,1,1,0,41326,0,8.0,2
2,48,266,0,1,1,6,7,3,1,1,1,1,1,1,0,41326,0,6.0,4
1,3,307,0,1,1,2,0,1,1,1,1,2,1,1,0,41326,0,3.0,1
2,3,266,0,1,1,0,0,1,1,2,1,2,1,1,0,41401,0,3.0,1
1,1,307,0,2,1,0,0,2,2,2,2,3,1,1,0,41326,0,3.0,1
2,6,266,265,3,1,4,7,1,1,3,3,3,1,5,0,41327,0,2.0,4
2,7,247,0,1,1,2,0,1,1,1,1,2,1,1,250,41330,0,5.0,3
1,2,307,0,2,1,7,0,2,3,1,1,2,1,1,200,41401,0,2.0,1
1,1,307,0,1,1,0,0,1,1,2,1,2,1,1,0,41401,0,3.0,2
2,2,283,283,3,1,6,7,1,2,3,3,3,1,4,0,41326,0,4.0,4
2,4,247,292,1,7,0,0,2,2,2,2,2,1,2,100,41326,0,1.0,2
1,2,307,307,2,5,0,0,2,2,2,1,2,1,1,0,41326,0,2.0,2
2,1,283,0,3,2,7,0,1,1,3,3,3,1,4,0,41327,0,7.0,4
2,2,241,0,2,1,2,7,2,2,2,2,3,2,1,0,41336,0,1.0,1
2,6,265,292,1,1,0,0,2,2,1,1,1,1,2,0,41401,0,15.0,2
2,3,266,0,2,1,7,0,1,1,2,2,2,1,1,0,41332,0,1.0,2
2,108,266,0,2,1,7,0,2,1,1,1,1,1,1,0,41326,0,1.0,3
2,1,243,0,3,1,6,7,1,2,2,1,2,1,5,0,41401,1,6.0,4
2,6,243,266,1,1,2,7,1,2,3,1,2,1,1,0,41326,0,1.0,4
1,6,307,0,1,1,7,0,2,2,1,1,1,1,1,0,41326,0,5.0,2
1,2,307,0,1,2,0,0,2,1,2,2,2,1,1,0,41326,0,1.0,2
1,10,307,307,1,1,2,0,3,1,1,1,1,1,1,0,41326,0,4.0,4
2,3,249,0,1,1,0,0,2,2,1,1,2,1,1,0,41326,0,3.0,4
1,60,152,0,1,2,0,0,1,1,3,3,2,2,1,0,41401,0,1.0,2
1,1,307,307,2,1,2,0,2,2,2,1,2,1,1,0,41326,0,1.0,3
1,1,307,0,2,2,5,0,2,1,2,1,2,1,1,0,41326,0,3.0,3
1,6,307,0,2,5,0,0,2,2,2,1,2,1,1,0,41401,0,6.0,1
1,24,307,72,1,2,7,0,1,2,1,2,1,1,1,0,41326,0,7.0,2
1,4,307,0,1,1,2,0,2,1,2,2,2,1,1,0,41326,0,2.0,2
1,2,307,307,2,5,0,0,2,1,1,1,2,1,1,0,41327,0,6.0,4
2,1,254,266,2,1,2,3,1,1,2,2,2,1,1,0,41401,0,2.0,4
2,7,266,0,3,1,2,0,2,1,3,1,1,1,2,0,41336,0,2.0,1
1,12,307,26,1,2,0,0,2,1,1,1,1,1,1,0,41326,1,5.0,3
2,1,300,0,3,2,7,0,1,2,3,3,3,1,4,0,41336,0,4.0,4
1,2,307,0,2,5,7,0,2,1,1,1,2,1,1,0,41401,0,5.0,1
1,1,307,307,3,2,4,5,2,2,1,1,2,1,5,0,41326,0,3.0,2
1,1,307,0,1,1,2,0,2,1,2,2,2,1,1,0,41401,0,3.0,2
1,3,307,307,1,1,2,0,2,1,2,2,2,1,2,0,41326,0,1.0,3
2,1,266,0,3,1,2,0,2,1,2,2,2,1,2,0,41326,0,5.0,2
2,1,252,0,3,7,0,0,1,1,2,2,1,1,2,0,41401,0,3.0,2
1,2,307,0,2,5,7,0,2,1,1,1,1,1,1,0,41401,0,1.0,2
2,10,266,0,2,2,5,0,2,1,2,2,1,1,1,0,41326,0,9.0,3
2,9,253,0,1,6,0,0,2,2,3,1,3,1,1,0,41326,0,3.0,4
1,36,307,0,1,1,0,0,2,2,1,1,1,1,1,0,41401,0,3.0,4
2,10,266,0,1,1,7,0,2,1,2,2,1,1,1,0,41326,0,7.0,2
2,2,266,0,2,3,4,0,1,1,2,2,2,1,1,0,41401,0,3.0,1
2,1,266,0,2,1,3,7,2,1,2,2,2,1,1,0,41326,0,4.0,2
1,48,307,0,1,2,0,0,1,1,1,1,2,1,1,0,41401,0,1.0,4
1,1,307,307,1,1,2,0,2,2,2,2,2,1,1,0,41326,0,1.0,3
1,1,307,307,2,1,2,5,1,1,2,1,3,1,2,0,41326,0,2.0,4
2,3,266,0,3,2,4,7,1,1,3,3,2,1,5,0,41326,0,5.0,4
2,12,266,0,1,2,7,0,2,1,1,1,1,1,1,0,41326,0,4.0,2
2,1,266,0,2,3,7,0,1,2,2,2,2,1,1,0,41326,0,2.0,4
2,1,265,0,2,1,2,6,1,2,2,3,3,1,1,0,41401,0,3.0,1
1,24,213,205,1,2,7,0,2,3,3,3,3,1,1,0,41326,0,6.0,1
1,3,307,0,1,1,7,0,1,1,3,3,3,1,1,0,41326,0,5.0,2
1,2,141,307,1,3,7,0,2,1,2,1,2,1,1,0,41326,0,0.0,0
2,5,266,0,1,1,7,0,2,1,2,1,2,1,1,0,41401,0,2.0,2
1,2,307,0,2,1,2,0,2,2,3,3,2,1,1,0,41326,0,4.0,2
2,4,266,0,1,3,7,0,1,2,1,1,1,1,1,0,41401,0,3.0,2
1,16,218,307,1,2,0,0,2,1,1,1,1,1,1,300,41326,0,1.0,4
1,7,307,75,1,2,5,0,2,1,1,1,2,1,1,0,41401,0,4.0,1
2,2,292,0,1,1,7,0,2,1,2,2,2,1,1,0,41401,0,2.0,1
2,2,266,0,2,1,2,7,1,1,2,1,2,1,1,0,41326,1,7.0,1
1,2,307,0,1,1,2,7,2,1,2,2,2,1,1,0,41326,0,3.0,1
1,4,307,0,2,3,5,0,2,1,1,1,1,1,1,5,41401,0,5.0,2
2,17,285,264,2,1,3,6,2,3,1,1,2,1,1,0,41326,0,4.0,1
1,9,307,102,2,1,0,0,1,1,1,1,1,1,1,0,41326,0,5.0,2
1,36,307,213,1,7,0,0,2,1,3,1,1,1,1,0,41326,0,9.0,4
2,51,266,0,1,3,4,7,2,1,1,1,1,1,1,0,41401,0,1.0,4
1,2,307,0,2,2,0,0,2,2,2,1,2,1,1,0,41326,0,1.0,1
2,1,266,0,2,1,3,7,2,1,2,2,2,1,1,0,41326,0,2.0,1
2,8,266,267,2,1,2,4,2,1,2,2,2,1,1,10,41326,0,11.0,3
2,1,266,0,3,1,2,7,1,1,2,2,2,1,4,0,41326,0,4.0,2
1,1,307,0,2,1,7,0,2,1,1,1,2,1,1,0,41401,0,5.0,2
1,3,307,0,2,7,0,0,2,2,1,1,2,1,1,0,41326,0,1.0,4
1,4,307,0,2,2,0,0,2,1,2,1,2,1,1,0,41326,0,5.0,2
1,2,307,141,1,2,7,0,2,2,2,2,2,1,1,0,41401,0,2.0,1
2,4,266,0,1,7,0,0,1,1,2,2,2,1,1,0,41336,0,4.0,4
1,30,307,307,1,2,7,0,2,1,1,1,2,1,1,250,41326,1,3.0,4
1,36,76,0,1,1,6,7,2,1,1,1,1,1,1,100,41330,0,4.0,4
1,17,307,0,1,1,7,0,2,1,1,1,1,1,1,0,41401,0,3.0,4
2,8,266,266,3,1,6,0,1,1,1,1,1,1,4,0,41326,4,4.0,4
1,1,307,307,3,1,2,0,2,1,1,1,2,1,3,0,41326,0,5.0,4
1,1,307,0,3,2,0,0,2,1,2,1,2,1,2,0,41326,0,1.0,3
1,1,307,0,2,1,2,7,2,2,2,1,2,1,1,0,41401,0,15.0,2
2,4,266,0,1,2,5,0,2,1,3,3,2,1,1,0,41326,0,3.0,1
1,2,239,307,2,2,0,0,2,1,3,3,2,1,1,0,41326,0,2.0,3
1,2,307,0,2,1,2,0,2,2,2,2,2,1,1,0,41326,0,3.0,2
2,24,266,0,2,2,4,7,2,1,2,2,1,1,1,0,41326,0,1.0,4
2,3,266,0,2,2,7,0,1,1,2,1,2,1,1,0,41401,0,5.0,3
2,2,265,265,3,1,2,5,2,2,2,2,2,1,5,0,41401,0,4.0,1
2,3,306,0,2,1,7,0,1,3,3,3,2,1,1,0,41326,0,6.0,1
2,1,266,0,3,2,7,0,1,1,3,3,3,2,4,0,41401,0,2.0,4
2,14,266,0,1,3,0,0,2,1,1,1,1,1,1,0,41336,0,10.0,3
1,30,152,307,3,3,5,0,1,1,3,3,3,1,2,0,41327,0,5.0,1
1,24,205,0,2,2,5,7,2,2,3,3,3,1,1,0,41336,0,0.0,0
2,12,265,264,2,4,7,0,3,3,2,1,1,1,1,100,41401,0,11.0,4
1,96,205,0,2,5,7,0,1,2,1,1,3,1,1,0,41326,0,2.0,3
1,1,307,307,1,7,0,0,2,1,2,2,2,1,1,0,41401,0,3.0,1
2,36,266,0,2,1,0,0,2,1,2,2,2,1,7,0,41401,0,3.0,4
2,12,266,0,2,3,6,7,2,1,2,2,2,1,1,0,41326,0,8.0,4
2,15,249,266,2,5,0,0,2,2,1,1,1,1,1,200,41401,0,2.0,4
2,3,266,0,2,7,0,0,1,1,2,2,2,1,1,0,41401,0,1.0,1
2,24,265,0,2,5,0,0,2,2,1,1,1,1,1,20,41326,0,3.0,1
2,4,266,0,1,1,2,5,1,1,2,3,2,1,1,0,41326,0,6.0,0
2,2,266,266,2,1,7,0,1,1,1,1,2,1,1,0,41326,1,4.0,3
1,24,103,307,2,1,2,4,2,1,1,1,2,1,1,0,41330,0,2.0,4
2,4,266,0,2,2,7,0,2,1,2,1,2,1,2,0,41326,0,2.0,2
2,6,265,0,1,5,0,0,2,2,2,2,2,1,1,0,41326,0,1.0,3
2,12,292,299,2,2,6,0,2,1,1,1,1,1,1,0,41326,0,7.0,4
1,10,307,0,1,1,2,0,3,1,3,3,3,2,1,0,41330,0,5.0,4
1,36,179,0,1,2,0,0,1,1,1,1,1,1,1,0,41401,0,3.0,2
2,2,266,0,1,1,7,0,2,2,2,1,3,1,1,0,41326,0,5.0,4
1,48,69,0,2,2,0,0,2,1,3,3,3,1,1,0,41326,0,4.0,1
1,2,307,0,1,2,0,0,2,1,2,2,2,1,1,0,41401,0,1.0,4
1,12,307,0,2,1,2,0,2,1,1,1,1,1,1,0,41326,0,1.0,1
1,2,141,307,2,5,0,0,2,2,1,1,2,1,6,0,41326,0,11.0,1
1,5,307,307,1,2,0,0,2,2,1,1,2,1,1,0,41326,0,2.0,2
1,1,307,189,2,1,3,0,2,2,3,3,3,1,1,0,41326,0,1.0,1
1,2,213,307,2,5,0,0,1,2,2,1,2,1,1,0,41326,0,2.0,1
2,24,266,0,2,1,0,0,2,1,2,2,1,1,1,0,41326,0,1.0,4
1,24,307,0,1,5,0,0,1,1,3,3,1,1,1,0,41401,0,1.0,1
1,5,307,0,2,5,7,0,2,2,2,2,2,1,1,0,41326,0,3.0,4
1,4,307,0,2,6,0,0,2,1,1,1,2,1,1,0,41326,0,16.0,1
2,8,285,266,1,7,0,0,2,1,3,1,2,1,1,100,41326,0,1.0,4
1,2,307,109,2,2,0,0,2,2,1,1,2,1,2,0,41327,0,0.0,0
2,60,252,299,1,1,6,7,3,2,1,1,1,1,2,0,41401,0,1.0,4
1,2,307,0,1,1,2,0,2,2,2,2,2,1,1,0,41326,0,5.0,3
2,4,266,0,2,1,2,7,1,2,2,1,2,1,1,0,41401,0,2.0,2
1,24,307,0,1,1,5,0,1,2,3,3,3,2,1,0,41326,0,1.0,2
2,2,266,266,2,1,7,0,2,1,2,1,2,1,1,0,41326,0,11.0,2
2,7,266,0,2,1,7,0,2,1,1,1,1,1,1,0,41326,0,5.0,4
2,2,266,0,1,3,7,0,2,1,2,1,2,1,1,0,41332,0,4.0,1
2,4,266,0,2,1,2,7,1,1,2,1,2,1,1,0,41327,0,4.0,4
2,3,266,0,2,1,2,3,2,1,2,1,2,1,1,0,41401,0,4.0,3
2,6,292,266,3,1,2,5,2,1,1,1,3,1,3,150,41401,0,4.0,4
1,24,152,0,2,2,0,0,1,1,1,1,2,1,1,0,41336,0,5.0,1
1,3,307,0,3,1,2,0,2,2,1,1,3,1,4,0,41324,0,1.0,4
2,3,266,0,1,4,7,0,2,1,2,2,2,1,3,0,41401,0,5.0,1
1,8,75,307,2,1,0,0,2,1,3,3,1,1,1,0,41326,0,1.0,1
2,3,266,0,1,4,7,0,1,1,2,1,2,1,1,0,41401,0,1.0,1
2,2,265,0,2,3,0,0,1,2,3,3,3,1,1,0,41326,1,5.0,2
1,2,307,0,2,1,2,0,2,1,2,2,3,1,3,0,41332,0,3.0,4
2,1,265,266,3,1,0,0,2,2,2,2,2,1,5,50,41326,0,1.0,3
1,2,307,307,2,5,0,0,2,2,1,1,2,1,1,0,41326,0,5.0,1
1,13,178,0,1,5,0,0,1,2,1,1,1,1,1,0,41332,0,3.0,2
2,2,266,0,2,1,6,0,1,1,2,1,2,2,1,0,41326,0,5.0,2
1,29,307,0,1,2,0,0,2,2,3,3,3,1,1,0,41326,1,1.0,4
2,1,265,265,1,4,5,7,2,2,2,1,2,1,2,0,41401,0,15.0,3
2,16,285,266,1,5,0,0,3,3,2,2,1,1,1,0,41325,0,4.0,0
1,2,307,0,2,5,0,0,2,2,1,1,2,1,1,0,41330,0,1.0,2
2,2,266,266,1,1,7,0,2,1,3,3,3,1,1,0,41401,0,1.0,3
1,1,307,307,1,2,0,0,2,2,2,1,2,1,1,0,41326,0,3.0,1
1,1,307,0,2,5,7,0,2,1,2,2,2,1,2,1,41326,0,1.0,1
1,2,307,0,2,4,7,0,2,1,2,2,2,1,1,0,41324,0,1.0,4
1,1,307,0,2,1,7,0,2,1,2,2,2,1,3,0,41326,0,20.0,1
1,24,307,152,2,1,2,0,2,1,1,1,1,1,1,0,41327,0,2.0,4
2,3,266,0,2,1,2,7,1,1,2,2,2,1,1,0,41326,0,6.0,2
2,9,264,276,1,5,0,0,2,3,1,1,1,1,1,200,41330,0,20.0,3
1,3,26,307,1,1,2,0,2,1,3,3,2,1,1,0,41326,0,4.0,3
2,4,266,0,1,5,7,0,2,2,3,1,3,1,1,0,41401,0,1.0,2
2,3,265,0,2,1,3,7,1,2,2,1,2,1,1,0,41327,0,4.0,3
1,2,307,0,3,1,2,7,2,1,1,1,3,1,5,0,41327,0,1.0,3
1,24,182,0,1,5,0,0,2,1,2,1,1,1,1,100,41326,0,2.0,1
2,17,264,0,1,7,0,0,2,2,2,1,2,1,1,200,41326,0,1.0,4
2,4,266,0,1,4,7,0,2,1,1,1,1,1,1,100,41401,0,4.0,4
2,1,283,0,1,1,6,7,2,1,2,2,2,1,4,0,41326,0,8.0,2
2,3,265,265,3,1,2,7,2,2,2,2,2,1,6,0,41326,0,7.0,4
2,2,266,0,1,6,0,0,2,1,2,2,2,1,1,0,41401,0,5.0,2
1,2,307,0,1,1,2,0,2,1,1,1,2,1,1,0,41326,0,1.0,2
1,1,307,307,3,1,2,7,1,1,2,3,3,1,4,50,41336,0,3.0,4
1,2,307,0,1,1,0,0,2,1,1,1,2,1,1,0,41326,0,3.0,2
1,21,307,0,1,2,7,0,2,1,1,1,1,1,1,200,41326,0,3.0,3
1,2,307,0,3,1,4,0,2,2,2,1,2,1,4,0,41401,0,7.0,1
2,2,265,0,2,1,5,6,2,2,3,3,3,1,1,0,41327,0,1.0,4
1,12,307,0,1,3,4,0,2,1,1,1,1,1,1,200,41326,1,10.0,4
2,1,265,0,3,3,5,6,2,2,2,2,2,1,4,0,41336,0,4.0,4
2,4,265,0,1,4,0,0,2,2,3,3,3,1,1,25,41336,0,3.0,2
1,2,307,307,2,1,7,0,2,2,2,1,2,2,1,0,41326,0,5.0,1
1,36,108,0,2,1,6,7,1,3,3,3,1,1,1,0,41336,0,6.0,1
1,1,307,307,2,2,0,0,2,1,2,2,2,1,1,0,41326,2,14.0,2
1,2,307,0,2,1,2,0,2,2,2,2,2,1,1,0,41326,0,1.0,4
1,4,307,0,2,2,0,0,2,1,1,1,1,1,1,190,41401,0,4.0,4
1,3,307,0,2,2,5,0,2,2,2,1,2,1,1,0,41325,0,1.0,2
1,36,307,0,2,2,0,0,2,1,1,1,1,1,1,0,41326,0,5.0,4
1,2,307,0,2,2,0,0,2,2,2,2,2,1,1,0,41330,0,7.0,1
2,1,265,0,2,1,5,7,2,2,3,3,2,1,1,0,41401,0,5.0,2
2,2,264,265,1,1,2,6,2,2,2,1,2,1,1,50,41326,0,8.0,1
2,12,285,0,1,1,7,0,2,2,1,1,1,1,2,0,41326,0,1.0,1
2,3,292,266,2,2,5,0,1,1,2,2,2,1,1,0,41326,0,1.0,1
1,10,190,307,1,2,7,0,2,2,1,1,2,1,1,0,41326,0,4.0,0
1,4,307,0,3,3,0,0,2,1,1,1,2,1,3,0,41326,0,2.0,3
2,3,289,306,1,6,7,0,2,2,2,1,2,1,1,0,41326,0,5.0,2
2,1,266,0,3,1,3,0,2,2,2,2,2,1,4,0,41336,0,0.0,4
1,48,205,0,2,1,7,0,1,2,1,1,3,1,1,400,41326,0,0.0,4
1,36,205,179,2,1,2,7,2,3,3,3,3,1,1,0,41326,0,3.0,4
1,18,307,0,2,2,6,0,2,2,3,3,3,1,1,0,41401,0,1.0,1
1,6,75,307,2,2,0,0,2,1,1,1,1,1,1,0,41326,0,3.0,4
1,12,141,307,1,1,0,0,2,1,3,1,1,1,1,0,41326,0,7.0,2
1,3,307,0,1,2,7,0,3,1,2,1,2,1,1,0,41326,0,11.0,2
1,2,307,0,2,2,7,0,2,2,1,1,2,1,1,0,41401,0,1.0,2
2,5,266,266,1,7,0,0,1,1,2,2,2,1,1,0,41401,0,3.0,1
1,36,307,0,2,2,7,0,3,1,1,1,1,2,1,0,41326,0,4.0,4
1,48,189,307,2,1,2,0,3,1,1,1,1,1,1,0,41326,0,1.0,2
1,2,307,0,2,1,2,0,2,2,2,2,2,1,1,20,41327,0,1.0,3
1,4,307,0,1,1,2,4,2,2,2,1,2,1,1,0,41326,0,17.0,2
1,2,307,141,2,2,0,0,2,2,1,1,2,1,1,0,41326,0,0.0,0
1,2,307,0,2,1,2,7,2,1,2,2,2,1,1,1,41327,0,6.0,3
1,30,307,0,2,1,5,7,2,2,1,1,1,1,1,0,41326,0,1.0,2
2,2,266,0,1,1,7,0,2,1,2,2,2,1,1,0,41401,0,4.0,2
1,2,307,0,1,1,2,7,2,1,2,2,2,1,1,0,41326,0,2.0,4
1,2,307,0,2,2,5,0,2,2,2,2,2,1,3,0,41326,0,4.0,4
1,48,147,0,2,5,7,0,1,3,1,1,3,1,1,299,41326,0,2.0,4
1,12,307,307,1,2,7,0,2,2,3,3,3,1,1,0,41401,0,3.0,1
1,4,307,0,1,2,0,0,2,1,1,1,2,1,1,0,41326,0,2.0,4
1,2,307,0,2,1,0,0,2,1,2,2,2,1,1,20,41327,0,1.0,2
1,4,307,0,2,1,7,0,2,1,1,1,1,1,1,0,41326,0,1.0,1
2,3,265,0,2,6,7,0,2,2,2,2,2,1,1,0,41326,0,6.0,4
2,1,243,0,3,2,3,4,2,1,2,2,2,1,2,0,41336,0,5.0,1
2,2,292,0,3,2,5,0,1,2,2,2,2,1,4,0,41336,0,4.0,3
1,2,218,307,2,3,0,0,2,2,2,2,2,1,1,0,41326,0,4.0,3
2,1,266,0,1,2,0,0,1,1,2,2,2,1,1,0,41401,0,4.0,1
2,2,266,0,1,6,7,0,2,1,2,1,2,1,1,0,41326,0,7.0,3
1,13,195,307,2,1,6,7,2,2,1,1,1,1,1,0,41326,0,3.0,3
2,4,268,0,3,4,7,0,1,1,2,2,2,1,4,0,41327,0,4.0,4
1,2,307,0,2,1,2,0,2,2,2,2,2,1,1,0,41326,0,3.0,4
1,3,307,0,1,2,0,0,2,1,1,1,2,1,1,0,41326,0,3.0,4
2,3,265,0,2,1,7,0,1,2,2,1,2,1,1,0,41325,0,5.0,2
2,2,266,0,2,1,4,7,2,1,2,2,2,1,1,50,41326,0,3.0,2
1,1,307,307,2,1,2,5,2,1,2,1,2,1,1,0,41336,0,2.0,2
2,1,266,0,1,1,0,0,2,1,2,1,2,1,1,0,41401,0,9.0,2
1,11,307,0,1,2,7,0,1,1,3,3,3,1,1,0,41326,0,1.0,3
1,2,307,0,1,3,0,0,2,1,1,1,2,1,1,0,41326,0,1.0,4
1,3,307,0,2,2,0,0,2,2,1,1,2,1,1,200,41326,1,3.0,2
2,2,265,0,2,1,0,0,1,2,2,1,2,1,1,0,41324,0,4.0,2
2,12,243,292,1,6,7,0,2,1,2,1,2,2,1,0,41401,0,2.0,0
2,12,266,0,2,1,0,0,2,1,1,1,1,1,3,50,41342,0,3.0,4
1,0,307,307,3,2,7,0,1,2,2,2,2,1,5,5,41326,0,0.0,4
1,24,307,128,2,5,7,0,2,2,1,1,1,1,1,350,41401,0,4.0,2
2,4,266,0,2,3,7,0,1,1,2,1,2,1,1,0,41401,0,4.0,3
2,2,292,266,1,2,0,0,1,1,1,2,2,1,1,0,41345,0,2.0,3
2,6,265,0,2,1,3,7,2,2,3,3,3,1,1,0,41326,0,5.0,2
1,48,83,0,1,5,0,0,1,2,1,1,1,1,1,0,41326,0,3.0,2
2,1,303,0,2,1,2,7,1,2,2,2,2,1,1,0,41326,1,2.0,2
1,7,182,0,1,1,2,0,1,1,1,1,1,1,1,0,41401,0,0.0,2
1,1,218,307,2,1,2,0,2,1,2,1,2,1,1,0,41326,0,2.0,2
2,6,276,0,1,1,0,0,2,2,2,2,2,1,1,50,41326,0,2.0,1
2,36,265,0,1,6,7,0,2,2,1,1,2,1,1,0,41401,0,5.0,4
2,2,266,0,2,1,0,0,1,1,2,1,2,2,1,0,41401,0,0.0,1
2,1,265,0,1,1,2,0,1,2,2,2,2,1,1,0,41326,1,1.0,2
2,24,265,0,2,2,4,0,1,2,1,1,1,1,1,0,41326,0,1.0,1
2,2,266,0,3,3,7,0,2,1,2,2,2,1,2,30,41326,0,2.0,4
2,10,266,0,1,1,7,0,2,1,1,1,1,1,1,0,41326,0,3.0,4
1,2,307,0,2,2,5,0,2,1,2,2,2,1,2,0,41401,0,3.0,3
2,5,265,0,1,3,7,0,3,2,3,1,2,1,1,0,41332,0,1.0,3
2,2,266,0,1,6,0,0,2,1,2,1,2,1,1,0,41401,0,3.0,1
1,2,307,307,2,2,7,0,2,2,2,2,2,1,1,0,41326,0,5.0,2
1,2,307,0,1,1,2,7,2,1,3,3,2,1,1,0,41326,0,6.0,2
1,24,307,0,2,2,7,0,2,2,1,1,1,1,1,0,41327,0,3.0,4
2,84,264,264,3,1,7,0,2,2,1,1,1,1,2,50,41326,0,3.0,3
2,3,254,0,2,1,2,7,1,2,2,2,2,1,1,0,41326,0,2.0,4
1,4,307,0,2,2,0,0,2,1,1,1,1,1,1,0,41401,0,5.0,4
1,6,307,0,1,1,7,0,2,1,1,1,1,1,1,0,41326,0,5.0,4
1,24,307,307,2,2,0,0,3,1,1,1,3,1,1,0,41326,0,1.0,4
1,8,307,0,2,2,7,0,2,2,2,2,2,1,1,0,41326,0,2.0,3
2,2,266,0,2,1,4,7,2,1,2,1,2,1,3,0,41336,0,16.0,3
1,3,307,0,1,1,2,7,2,2,1,1,2,1,1,0,41326,0,7.0,2
1,60,307,0,2,2,5,0,2,2,3,3,3,1,1,0,41324,0,1.0,4
1,24,179,307,1,2,3,7,2,2,3,3,2,1,1,0,41326,0,0.0,4
2,1,266,0,2,5,6,7,2,1,2,1,2,1,1,0,41401,0,1.0,3
1,6,195,0,2,1,7,0,1,3,1,1,2,1,1,0,41401,0,1.0,0
2,2,266,0,3,1,0,0,2,2,2,2,2,1,4,0,41326,0,3.0,2
2,60,265,264,3,1,4,7,2,2,1,1,1,1,2,0,41326,0,3.0,4
2,2,265,266,3,5,6,7,3,2,2,1,3,1,5,30,41326,0,5.0,3
2,9,266,0,2,4,7,0,1,1,1,1,1,1,1,0,41336,0,3.0,4
1,1,307,307,1,2,0,0,2,1,2,2,2,1,1,0,41332,0,1.0,3
